Date,Open Price,High Price,Low Price,Close Price,WAP,No.of Shares,No. of Trades,Total Turnover (Rs.),Deliverable Quantity,% Deli. Qty to Traded Qty,Spread High-Low,Spread Close-Open,MID_VA
17-January-2025,2229.65,2269.00,2214.00,2259.70,2248.482156169100000000,73779,6766,165890765.00,34560,46.84,55.00,30.05,385.73
16-January-2025,2254.00,2254.00,2208.90,2216.40,2218.852308842770000000,37443,3310,83080487.00,20443,54.60,45.10,-37.60,345.95
15-January-2025,2269.95,2269.95,2219.55,2228.60,2229.017999686960000000,38334,3165,85447176.00,23383,61.00,50.40,-41.35,306.23
14-January-2025,2253.05,2286.75,2237.05,2239.75,2257.357557002590000000,145739,12923,328985033.00,77442,53.14,49.70,-13.30,286.91
13-January-2025,2303.70,2303.70,2247.05,2252.75,2274.013586066920000000,122184,8413,277848076.00,80975,66.27,56.65,-50.95,267.60
10-January-2025,2349.80,2349.80,2315.75,2319.70,2327.499072907920000000,57168,7010,133058467.00,30845,53.96,34.05,-30.10,247.45
9-January-2025,2335.10,2361.00,2322.20,2350.60,2345.494344142310000000,180344,12470,422995832.00,121895,67.59,38.80,15.50,367.80
8-January-2025,2289.95,2337.45,2272.75,2334.40,2305.358864066640000000,66025,7292,152211319.00,30549,46.27,64.70,44.45,210.93
7-January-2025,2270.00,2315.95,2270.00,2293.10,2296.019128533810000000,80508,8305,184847908.00,27849,34.59,45.95,23.10,189.33
6-January-2025,2334.25,2338.00,2257.00,2268.15,2288.850778195770000000,54228,4891,124119800.00,38582,71.15,81.00,-66.10,171.65
3-January-2025,2362.70,2362.70,2322.95,2334.25,2337.547610938380000000,91019,8856,212761246.00,21426,23.54,39.75,-28.45,152.90
2-January-2025,2318.70,2347.85,2294.60,2343.00,2324.414939242320000000,106324,9754,247141094.00,51697,48.62,53.25,24.30,134.60
1-January-2025,2294.95,2322.85,2282.10,2304.75,2308.554064358700000000,52456,6007,121097512.00,18755,35.75,40.75,9.80,116.30
31-December-2024,2286.30,2295.90,2273.95,2282.05,2285.611200536550000000,74550,3749,170392315.00,54887,73.62,21.95,-4.25,97.73
30-December-2024,2299.60,2299.60,2256.90,2286.45,2275.443484207910000000,32168,3206,73196466.00,15108,46.97,42.70,-13.15,81.63
27-December-2024,2274.75,2290.10,2261.60,2270.90,2272.672171488990000000,52015,5375,118213043.00,22147,42.58,28.50,-3.85,67.50
26-December-2024,2289.90,2289.90,2257.00,2261.40,2267.876325721380000000,83728,10151,189884749.00,35737,42.68,32.90,-28.50,53.25
24-December-2024,2283.50,2295.00,2277.90,2284.15,2286.793796739000000000,65256,2995,149227016.00,47653,73.02,17.10,0.65,40.43
23-December-2024,2300.00,2302.45,2266.80,2279.00,2283.785837858780000000,149709,12276,341903294.00,108170,72.25,35.65,-21.00,28.88
20-December-2024,2298.00,2317.50,2276.50,2283.05,2294.839550209260000000,174659,15644,400814381.00,61451,35.18,41.00,-14.95,21.15
19-December-2024,2320.05,2324.00,2266.00,2292.90,2286.116703787680000000,299022,32245,683599189.00,178745,59.78,58.00,-27.15,15.55
18-December-2024,2359.00,2372.75,2341.15,2345.70,2359.229968264500000000,96422,9859,227481672.00,52474,54.42,31.60,-13.30,11.53
17-December-2024,2399.95,2399.95,2350.45,2356.80,2370.434240019920000000,112424,15649,266493699.00,69960,62.23,49.50,-43.15,8.10
16-December-2024,2420.00,2420.00,2387.05,2403.35,2399.051693331420000000,48691,4364,116812226.00,30062,61.74,32.95,-16.65,5.70
13-December-2024,2396.00,2410.45,2354.75,2407.05,2395.921204527690000000,93381,8689,223733518.00,33258,35.62,55.70,11.05,4.025
12-December-2024,2417.00,2417.00,2381.50,2388.95,2396.194294223040000000,122227,13254,292879640.00,88672,72.55,35.50,-28.05,2.85
11-December-2024,2407.60,2427.80,2390.45,2417.65,2414.414566761790000000,98814,9567,238577961.00,45098,45.64,37.35,10.05,2.10
10-December-2024,2396.80,2404.30,2385.10,2389.80,2392.151403656640000000,61696,4128,147586173.00,45763,74.17,19.20,-7.00,1.55
9-December-2024,2443.95,2443.95,2370.00,2385.80,2398.641945117840000000,188513,16157,452175189.00,141267,74.94,73.95,-58.15,1.20
6-December-2024,2476.80,2476.80,2426.45,2429.60,2436.106315733090000000,168009,18854,409287786.00,100131,59.60,50.35,-47.20,1.05
5-December-2024,2462.35,2466.90,2424.00,2452.30,2437.597395247210000000,151953,16464,370400237.00,78202,51.46,42.90,-10.05,0.8
4-December-2024,2483.95,2483.95,2454.05,2459.60,2466.963172200610000000,18763,2442,46287630.00,10878,57.98,29.90,-24.35,0.775
3-December-2024,2495.00,2495.00,2463.65,2469.00,2471.404859953590000000,61194,8985,151235149.00,38476,62.88,31.35,-26.00,0.75
2-December-2024,2475.05,2485.95,2461.00,2479.25,2474.905759281110000000,44068,6055,109064147.00,23577,53.50,24.95,4.20,0.60
29-November-2024,2472.50,2491.00,2455.00,2479.95,2477.917450582240000000,72393,7566,179383878.00,25759,35.58,36.00,7.45,
28-November-2024,2524.75,2524.75,2454.85,2458.85,2471.990178784270000000,20975,3086,51849994.00,12281,58.55,69.90,-65.90,
27-November-2024,2518.00,2518.00,2480.05,2490.25,2491.668567807350000000,20514,2538,51114089.00,9543,46.52,37.95,-27.75,
26-November-2024,2474.75,2517.90,2459.15,2504.70,2501.015998917160000000,73880,7290,184775062.00,36428,49.31,58.75,29.95,
25-November-2024,2509.95,2509.95,2451.00,2460.60,2480.357600311860000000,71826,9407,178154165.00,36180,50.37,58.95,-49.35,
22-November-2024,2427.15,2494.40,2422.00,2479.00,2471.128328432050000000,137039,13305,338640955.00,36413,26.57,72.40,51.85,
21-November-2024,2470.00,2470.00,2426.05,2429.20,2441.073549865010000000,36669,4989,89511726.00,17394,47.44,43.95,-40.80,
19-November-2024,2490.00,2502.00,2471.35,2483.20,2487.764043963710000000,22928,2555,57039454.00,8840,38.56,30.65,-6.80,
18-November-2024,2529.25,2529.25,2470.75,2483.00,2494.284601801960000000,44174,4232,110182528.00,20056,45.40,58.50,-46.25,
14-November-2024,2480.05,2502.40,2466.85,2483.15,2481.334146660790000000,84017,12381,208474251.00,33904,40.35,35.55,3.10,
13-November-2024,2474.95,2498.70,2452.00,2471.90,2471.527262683460000000,159302,18235,393719236.00,63014,39.56,46.70,-3.05,
12-November-2024,2544.95,2544.95,2470.10,2475.15,2499.035409961970000000,109376,11969,273334497.00,48817,44.63,74.85,-69.80,
11-November-2024,2578.00,2591.90,2507.00,2542.65,2542.411629736280000000,367403,32257,934089660.00,138608,37.73,84.90,-35.35,
8-November-2024,2830.05,2840.50,2762.00,2769.25,2782.718552419700000000,176985,22616,492499443.00,72532,40.98,78.50,-60.80,
7-November-2024,2934.95,2934.95,2824.00,2843.45,2857.896753816460000000,28495,4597,81435768.00,12546,44.03,110.95,-91.50,
6-November-2024,2896.95,2907.70,2860.10,2897.20,2881.296302793740000000,68403,9085,197089311.00,33020,48.27,47.60,0.25,
5-November-2024,2900.00,2915.90,2873.10,2888.40,2894.650248511170000000,22333,3010,64646224.00,9089,40.70,42.80,-11.60,
4-November-2024,2950.50,2959.30,2886.10,2914.95,2910.498793497590000000,78740,9223,229172675.00,33108,42.05,73.20,-35.55,
1-November-2024,2968.05,2968.05,2930.05,2940.00,2945.835978187610000000,16321,3503,48078989.00,10275,62.96,38.00,-28.05,
31-October-2024,3014.55,3014.55,2919.30,2938.10,2957.671350545370000000,123402,13256,364982560.00,82847,67.14,95.25,-76.45,
30-October-2024,2992.15,3004.85,2960.90,2997.00,2983.085566162360000000,40121,4486,119684376.00,21624,53.90,43.95,4.85,
29-October-2024,3020.00,3021.00,2940.80,2993.70,2980.521853885140000000,37888,3501,112926012.00,18356,48.45,80.20,-26.30,
28-October-2024,2990.00,3020.90,2964.00,3001.15,2998.661692979080000000,31164,4479,93450293.00,15045,48.28,56.90,11.15,
25-October-2024,2971.35,3013.20,2951.95,2959.35,2986.944834400280000000,48581,7191,145108767.00,12995,26.75,61.25,-12.00,
24-October-2024,2990.65,3003.80,2951.05,2971.30,2980.699791204490000000,45978,6169,137046615.00,26205,56.99,52.75,-19.35,
23-October-2024,2993.10,3025.00,2974.00,2990.65,3000.640000000000000000,15725,2081,47185064.00,5035,32.02,51.00,-2.45,
22-October-2024,3050.05,3058.50,2996.15,3003.30,3018.412397660820000000,17100,2302,51614852.00,5849,34.20,62.35,-46.75,
21-October-2024,3014.95,3055.95,2999.50,3048.75,3027.316532668430000000,39304,4217,118985649.00,23337,59.38,56.45,33.80,
18-October-2024,3055.00,3066.20,2980.05,2990.60,3007.743751458240000000,137152,11581,412518071.00,47853,34.89,86.15,-64.40,
17-October-2024,3085.00,3085.00,3037.15,3057.80,3053.561114921740000000,80185,6408,244849798.00,65478,81.66,47.85,-27.20,
16-October-2024,3085.05,3103.65,3067.00,3081.80,3074.973371548550000000,120022,4245,369064454.00,94987,79.14,36.65,-3.25,
15-October-2024,3079.05,3096.00,3047.15,3070.50,3076.263416349250000000,85325,8313,262482176.00,51440,60.29,48.85,-8.55,
14-October-2024,3049.95,3054.60,3016.65,3039.90,3039.506492657630000000,45898,5995,139507269.00,29542,64.36,37.95,-10.05,
11-October-2024,3060.00,3060.30,3027.00,3038.25,3039.438001586630000000,108406,10705,329493316.00,32786,30.24,33.30,-21.75,
10-October-2024,3114.95,3114.95,3043.90,3060.30,3062.984948548610000000,13022,1841,39886190.00,4285,32.91,71.05,-54.65,
9-October-2024,3090.00,3145.45,3072.00,3078.75,3106.753021241790000000,136947,12038,425460506.00,106361,77.67,73.45,-11.25,
8-October-2024,3009.00,3098.60,3009.00,3088.45,3079.826508715070000000,45668,6182,140649517.00,22900,50.14,89.60,79.45,
7-October-2024,3089.95,3098.30,3037.25,3063.90,3062.249341040460000000,21625,2826,66221142.00,7939,36.71,61.05,-26.05,
4-October-2024,3139.95,3155.95,3054.10,3071.85,3100.462892583370000000,123668,18468,383428045.00,36539,29.55,101.85,-68.10,
3-October-2024,3180.05,3226.10,3127.80,3150.20,3164.208057858170000000,59594,6958,188567815.00,19028,31.93,98.30,-29.85,
1-October-2024,3326.95,3326.95,3245.00,3277.20,3271.423353106460000000,22421,3499,73348583.00,6952,31.01,81.95,-49.75,
30-September-2024,3306.90,3358.15,3306.90,3328.40,3337.550394354500000000,24090,3187,80401589.00,6618,27.47,51.25,21.50,
27-September-2024,3278.30,3337.25,3278.30,3310.05,3313.431593095640000000,28272,3850,93677338.00,7697,27.22,58.95,31.75,
26-September-2024,3244.15,3285.00,3228.45,3277.05,3255.760344099640000000,18948,2474,61690147.00,6447,34.02,56.55,32.90,
25-September-2024,3249.20,3249.50,3205.80,3243.95,3222.846717403670000000,45726,5261,147367889.00,23567,51.54,43.70,-5.25,
24-September-2024,3275.00,3296.80,3242.15,3248.70,3274.876611128580000000,25448,1654,83339060.00,6231,24.49,54.65,-26.30,
23-September-2024,3312.05,3324.95,3272.10,3276.90,3295.365700704430000000,34922,4531,115080761.00,22196,63.56,52.85,-35.15,
20-September-2024,3318.95,3324.25,3267.35,3309.15,3304.285083682620000000,170585,15937,563661471.00,31229,18.31,56.90,-9.80,
19-September-2024,3280.60,3320.00,3275.45,3294.45,3301.777137113840000000,18904,2235,62416795.00,6117,32.36,44.55,13.85,
18-September-2024,3312.70,3320.90,3251.70,3274.20,3286.508349218450000000,13115,1566,43102557.00,5110,38.96,69.20,-38.50,
17-September-2024,3339.85,3350.00,3302.20,3312.75,3320.027676569510000000,14272,2089,47383435.00,7521,52.70,47.80,-27.10,
16-September-2024,3350.55,3394.00,3330.45,3334.35,3350.891314062610000000,42517,5563,142469846.00,28580,67.22,63.55,-16.20,
13-September-2024,3367.00,3367.65,3321.10,3358.65,3325.441433252300000000,141915,2917,471930021.00,126188,88.92,46.55,-8.35,
12-September-2024,3366.45,3392.85,3340.00,3382.30,3370.575122640730000000,24054,3424,81075814.00,12078,50.21,52.85,15.85,
11-September-2024,3313.00,3382.00,3311.70,3366.15,3358.935002272650000000,85803,9776,288206700.00,41694,48.59,70.30,53.15,
10-September-2024,3281.70,3308.55,3270.35,3294.30,3294.465863879900000000,56553,7816,186311928.00,44524,78.73,38.20,12.60,
9-September-2024,3270.05,3313.95,3258.10,3281.45,3284.355285002770000000,110227,14939,362024630.00,61929,56.18,55.85,11.40,
6-September-2024,3235.00,3285.00,3226.15,3274.50,3267.425080271140000000,78484,6507,256440590.00,41899,53.39,58.85,39.50,
5-September-2024,3232.20,3255.00,3215.70,3237.80,3237.958532341070000000,54018,6957,174908044.00,32736,60.60,39.30,5.60,
4-September-2024,3150.05,3250.65,3150.05,3231.90,3223.513374281750000000,75705,7312,244036080.00,32173,42.50,100.60,81.85,
3-September-2024,3152.45,3172.60,3146.40,3153.80,3158.798396948840000000,33561,4409,106012433.00,23427,69.80,26.20,1.35,
2-September-2024,3145.20,3182.00,3139.10,3151.50,3156.505716911370000000,46791,5829,147696059.00,27458,58.68,42.90,6.30,
30-August-2024,3129.80,3166.00,3110.85,3126.80,3139.490016418620000000,56643,8151,177830133.00,23244,41.04,55.15,-3.00,
29-August-2024,3125.50,3143.00,3093.70,3116.05,3116.463782696180000000,12922,1862,40270945.00,4526,35.03,49.30,-9.45,
28-August-2024,3164.00,3164.95,3118.75,3125.00,3137.536892758940000000,13092,1937,41076633.00,5201,39.73,46.20,-39.00,
27-August-2024,3150.90,3201.90,3150.00,3163.20,3179.775823137110000000,19043,2189,60552471.00,9777,51.34,51.90,12.30,
26-August-2024,3159.95,3177.00,3142.25,3169.80,3164.644990649210000000,18715,2193,59226331.00,9529,50.92,34.75,9.85,
23-August-2024,3185.75,3198.60,3147.50,3153.55,3164.235689856050000000,26607,4962,84190819.00,8174,30.72,51.10,-32.20,
22-August-2024,3164.95,3198.80,3159.65,3184.90,3183.627067062660000000,27273,3164,86827061.00,10396,38.12,39.15,19.95,
21-August-2024,3081.35,3169.80,3081.35,3151.15,3141.776327603900000000,31184,4023,97973153.00,13952,44.74,88.45,69.80,
20-August-2024,3090.00,3105.00,3079.60,3101.65,3096.702458393170000000,47348,6701,146622668.00,30979,65.43,25.40,11.65,
19-August-2024,3050.05,3087.70,3040.80,3076.45,3068.244946641560000000,15930,1962,48877142.00,7420,46.58,46.90,26.40,
16-August-2024,3067.45,3067.45,3003.05,3047.90,3033.267637646920000000,33437,4893,101423370.00,6897,20.63,64.40,-19.55,
14-August-2024,3030.30,3031.90,2995.50,3022.95,3015.139317438060000000,8556,1266,25797532.00,4800,56.10,36.40,-7.35,
13-August-2024,3053.00,3053.00,3013.80,3022.30,3028.384236453200000000,16849,2201,51025246.00,5647,33.52,39.20,-30.70,
12-August-2024,3010.30,3083.00,3004.50,3051.45,3046.169729368530000000,29930,3415,91171860.00,11016,36.81,78.50,41.15,
9-August-2024,3057.90,3057.90,2966.65,3040.10,3009.744159469020000000,45501,5363,136946369.00,12762,28.05,91.25,-17.80,
8-August-2024,3089.95,3089.95,2990.30,3000.95,3024.986360856270000000,49050,5501,148375581.00,10619,21.65,99.65,-89.00,
7-August-2024,3105.00,3118.50,3060.50,3100.55,3084.705078740160000000,25400,2846,78351509.00,8941,35.20,58.00,-4.45,
6-August-2024,3095.20,3135.00,3088.65,3100.25,3115.282967435590000000,102351,10929,318852327.00,70243,68.63,46.35,5.05,
5-August-2024,3044.95,3144.00,3044.95,3095.60,3099.198090214310000000,229764,25779,712084150.00,167358,72.84,99.05,50.65,
2-August-2024,3093.80,3129.00,3059.70,3107.05,3103.382658257600000000,51056,6123,158446305.00,14893,29.17,69.30,13.25,
1-August-2024,3099.85,3126.95,3062.30,3097.05,3095.821541436720000000,42402,4394,131269025.00,16339,38.53,64.65,-2.80,
31-July-2024,3001.15,3098.25,3001.15,3082.30,3062.552183943400000000,195060,8962,597381429.00,139363,71.45,97.10,81.15,
30-July-2024,2965.00,3032.00,2965.00,3004.55,3010.972745394310000000,140967,12444,424447795.00,85818,60.88,67.00,39.55,
29-July-2024,2959.95,2965.00,2935.50,2954.75,2948.024276003880000000,17507,1986,51611061.00,8008,45.74,29.50,-5.20,
26-July-2024,2902.35,2963.95,2901.00,2949.95,2942.723060150650000000,110988,13269,326606947.00,57790,52.07,62.95,47.60,
25-July-2024,2898.45,2906.60,2886.00,2902.35,2897.338694091660000000,14488,1941,41976643.00,5626,38.83,20.60,3.90,
24-July-2024,2905.00,2927.00,2886.45,2911.90,2906.745687159890000000,17274,1944,50211125.00,6194,35.86,40.55,6.90,
23-July-2024,2932.55,2947.50,2884.90,2897.05,2911.250628056170000000,89164,7279,259578751.00,55151,61.85,62.60,-35.50,
22-July-2024,2945.75,2971.55,2917.05,2932.55,2940.428160919540000000,27492,2732,80838251.00,11821,43.00,54.50,-13.20,
19-July-2024,2930.45,2980.00,2918.20,2945.95,2952.824935355370000000,71545,7753,211259860.00,15439,21.58,61.80,15.50,
18-July-2024,2870.10,2956.75,2848.15,2930.45,2909.516220039170000000,128668,8784,374361633.00,27574,21.43,108.60,60.35,
16-July-2024,2958.00,3015.00,2942.40,2974.40,2980.540818713450000000,25650,2887,76450872.00,7831,30.53,72.60,16.40,
15-July-2024,2986.40,2995.00,2932.65,2956.45,2957.828904275800000000,109617,10093,324228331.00,47620,43.44,62.35,-29.95,
12-July-2024,3023.25,3050.85,2971.05,2999.50,3009.394791611080000000,168651,20095,507537441.00,64866,38.46,79.80,-23.75,
11-July-2024,3000.35,3030.00,2974.20,3023.25,3010.148680947690000000,66942,5669,201505373.00,28713,42.89,55.80,22.90,
10-July-2024,2905.00,3014.40,2893.95,2995.40,2967.752874357530000000,231530,22758,687123823.00,134491,58.09,120.45,90.40,
9-July-2024,2900.05,2912.95,2891.00,2905.20,2907.842288904400000000,37258,4357,108340388.00,28265,75.86,21.95,5.15,
8-July-2024,2920.05,2932.00,2891.05,2897.30,2903.464991726900000000,22966,3701,66680977.00,10274,44.74,40.95,-22.75,
5-July-2024,2940.65,2946.45,2914.05,2935.75,2932.139435864200000000,89482,12108,262373701.00,33917,37.90,32.40,-4.90,
4-July-2024,2942.45,2967.60,2922.10,2941.80,2944.835457164890000000,49282,5507,145127381.00,30490,61.87,45.50,-0.65,
3-July-2024,2929.00,2948.65,2915.80,2925.25,2936.548935642030000000,96678,8952,283899678.00,51020,52.77,32.85,-3.75,
2-July-2024,2930.05,2936.85,2911.55,2926.25,2925.226095852680000000,12707,1886,37170848.00,5097,40.11,25.30,-3.80,
1-July-2024,2910.00,2938.65,2890.00,2927.15,2920.791371617030000000,82472,7736,240883506.00,50960,61.79,48.65,17.15,
28-June-2024,2880.00,2931.35,2865.60,2917.30,2915.712366269780000000,130767,15717,381278959.00,74844,57.23,65.75,37.30,
27-June-2024,2860.00,2902.00,2845.00,2882.15,2871.650827297890000000,67932,9934,195076984.00,31787,46.79,57.00,22.15,
26-June-2024,2862.00,2873.60,2845.00,2864.80,2862.866250000000000000,79200,7659,226739007.00,48775,61.58,28.60,2.80,
25-June-2024,2888.00,2892.35,2855.90,2858.55,2873.992518192070000000,29271,3576,84124635.00,16435,56.15,36.45,-29.45,
24-June-2024,2889.95,2900.00,2872.70,2895.90,2886.361145194270000000,19560,2034,56457224.00,8883,45.41,27.30,5.95,
21-June-2024,2920.35,2926.15,2881.00,2890.40,2895.216541845850000000,116033,14340,335940661.00,51139,44.07,45.15,-29.95,
20-June-2024,2892.60,2923.25,2875.05,2915.10,2902.925076052470000000,61142,7100,177490645.00,28081,45.93,48.20,22.50,
19-June-2024,2920.00,2921.45,2883.25,2892.65,2898.038313284420000000,107404,6501,311260907.00,94931,88.39,38.20,-27.35,
18-June-2024,2920.20,2930.00,2905.65,2917.80,2915.783464131760000000,18094,1857,52758186.00,10638,58.79,24.35,-2.40,
14-June-2024,2910.00,2931.00,2905.00,2920.20,2920.604179936310000000,50240,3148,146731154.00,34125,67.92,26.00,10.20,
13-June-2024,2925.00,2925.00,2903.50,2907.90,2915.139498595650000000,28839,2566,84069708.00,17236,59.77,21.50,-17.10,
12-June-2024,2904.15,2916.85,2866.15,2905.25,2887.017500180410000000,27714,2992,80010803.00,8729,31.50,50.70,1.10,
11-June-2024,2919.95,2920.85,2895.05,2902.25,2908.683975197200000000,23707,2601,68956171.00,11936,50.35,25.80,-17.70,
10-June-2024,2934.95,2950.00,2915.00,2936.90,2934.109458580020000000,63001,6663,184851830.00,31671,50.27,35.00,1.95,
7-June-2024,2915.45,2942.45,2888.60,2928.70,2924.907756311730000000,108647,14038,317782453.00,37668,34.67,53.85,13.25,
6-June-2024,2965.00,2965.00,2882.60,2904.85,2920.064336749540000000,30931,3554,90320510.00,11444,37.00,82.40,-60.15,
5-June-2024,2869.95,3025.00,2865.00,2960.40,2975.971835671470000000,318630,30438,948233906.00,196288,61.60,160.00,90.45,
4-June-2024,2888.45,2896.00,2778.10,2858.50,2853.331673598500000000,68284,7017,194836900.00,32760,47.98,117.90,-29.95,
3-June-2024,2935.40,2950.00,2860.10,2865.80,2886.765268708310000000,28637,3349,82668297.00,12915,45.10,89.90,-69.60,
31-May-2024,2882.00,2904.75,2856.20,2877.70,2883.068093887030000000,54278,8855,156487170.00,13942,25.69,48.55,-4.30,
30-May-2024,2895.00,2910.00,2875.35,2881.90,2891.872899625900000000,31542,3620,91215455.00,16487,52.27,34.65,-13.10,
29-May-2024,2895.70,2920.00,2883.00,2899.60,2903.234001522460000000,19705,2191,57208226.00,6693,33.97,37.00,3.90,
28-May-2024,2875.00,2919.80,2862.55,2910.45,2894.673879294650000000,93401,8774,270365435.00,55333,59.24,57.25,35.45,
27-May-2024,2878.95,2896.85,2856.20,2873.20,2876.861330693820000000,73751,8168,212171400.00,43255,58.65,40.65,-5.75,
24-May-2024,2904.25,2909.00,2867.00,2875.25,2881.213347396680000000,31287,4457,90144522.00,10361,33.12,42.00,-29.00,
23-May-2024,2886.00,2920.00,2878.00,2902.45,2897.958855705750000000,79525,10487,230460178.00,45717,57.49,42.00,16.45,
22-May-2024,2854.00,2894.00,2850.00,2886.20,2878.406595357510000000,22531,2075,64853379.00,11204,49.73,44.00,32.20,
21-May-2024,2817.00,2865.00,2800.00,2850.25,2846.600025941460000000,69387,7858,197517036.00,44517,64.16,65.00,33.25,
18-May-2024,2809.75,2829.15,2809.75,2816.55,2819.127761511840000000,3757,504,10591463.00,1695,45.12,19.40,6.80,
17-May-2024,2819.75,2836.95,2787.00,2809.70,2808.506408718600000000,58358,9296,163898817.00,22540,38.62,49.95,-10.05,
16-May-2024,2828.40,2828.40,2786.00,2814.25,2799.632056344040000000,74968,6239,209882816.00,50986,68.01,42.40,-14.15,
15-May-2024,2866.00,2874.05,2805.95,2812.95,2837.920529980400000000,73965,5458,209906792.00,58289,78.81,68.10,-53.05,
14-May-2024,2880.00,2887.20,2841.55,2865.60,2867.135777797090000000,34527,2694,98993597.00,15813,45.80,45.65,-14.40,
13-May-2024,2772.80,2894.20,2753.50,2878.90,2846.239414509510000000,184734,17017,525797192.00,86018,46.56,140.70,106.10,
10-May-2024,2702.75,2792.00,2671.00,2772.80,2753.198579217690000000,214952,21853,591805541.00,76683,35.67,121.00,70.05,
9-May-2024,2865.00,2865.00,2705.00,2711.00,2759.483721284320000000,275851,39792,761206344.00,142798,51.77,160.00,-154.00,
8-May-2024,2890.15,2906.40,2821.30,2844.25,2843.196860832250000000,98816,26029,280953341.00,47997,48.57,85.10,-45.90,
7-May-2024,2935.55,2967.00,2904.55,2911.55,2934.490750495130000000,71193,7523,208915200.00,37241,52.31,62.45,-24.00,
6-May-2024,2938.05,2958.35,2913.00,2932.20,2934.534131736530000000,35070,3265,102914112.00,8201,23.38,45.35,-5.85,
3-May-2024,2998.00,2998.00,2910.05,2927.50,2949.465716305370000000,76392,9481,225315585.00,27359,35.81,87.95,-70.50,
2-May-2024,2877.90,2987.00,2877.05,2973.80,2947.812783702080000000,203118,28344,598753837.00,136673,67.29,109.95,95.90,
30-April-2024,2850.50,2910.95,2850.50,2877.05,2892.670730240210000000,24937,2973,72134530.00,11877,47.63,60.45,26.55,
29-April-2024,2840.00,2873.80,2837.15,2868.10,2864.671971955080000000,53343,6253,152810197.00,33161,62.17,36.65,28.10,
26-April-2024,2855.45,2877.15,2837.00,2844.60,2857.293962754990000000,63042,9580,180129526.00,27041,42.89,40.15,-10.85,
25-April-2024,2860.35,2868.85,2829.65,2861.55,2843.917505939280000000,68611,5761,195124024.00,55138,80.36,39.20,1.20,
24-April-2024,2885.95,2885.95,2859.80,2867.30,2868.985674383170000000,47258,3474,135582525.00,33325,70.52,26.15,-18.65,
23-April-2024,2846.50,2876.00,2843.45,2874.35,2864.200976505450000000,47926,6027,137269696.00,32887,68.62,32.55,27.85,
22-April-2024,2849.55,2849.55,2816.00,2841.90,2832.807506053270000000,18172,2152,51477778.00,7527,41.42,33.55,-7.65,
19-April-2024,2791.00,2822.00,2766.05,2808.45,2788.224035498810000000,108398,18297,302237909.00,47047,43.40,55.95,17.45,
18-April-2024,2845.65,2858.00,2801.10,2814.75,2825.617178000600000000,113494,12175,320690596.00,65395,57.62,56.90,-30.90,
16-April-2024,2838.15,2840.40,2819.30,2830.55,2828.950444306260000000,99706,7325,282063333.00,79518,79.75,21.10,-7.60,
15-April-2024,2798.00,2852.60,2798.00,2843.55,2834.121513439810000000,102680,11724,291007597.00,58286,56.76,54.60,45.55,
12-April-2024,2895.40,2895.40,2845.00,2855.65,2858.325239310040000000,85454,9575,244255325.00,39358,46.06,50.40,-39.75,
10-April-2024,2886.00,2899.00,2857.55,2896.10,2881.886356272990000000,52471,6399,151215459.00,29419,56.07,41.45,10.10,
9-April-2024,2893.90,2915.95,2846.00,2857.35,2875.091387504940000000,78479,10624,225634297.00,42342,53.95,69.95,-36.55,
8-April-2024,2910.95,2910.95,2874.15,2893.90,2891.149949760620000000,67676,6789,195661464.00,41018,60.61,36.80,-17.05,
5-April-2024,2924.20,2927.15,2880.70,2884.65,2900.845207105120000000,104488,10118,303103514.00,58160,55.66,46.45,-39.55,
4-April-2024,2873.65,2942.35,2852.00,2919.20,2895.815345686070000000,122510,11516,354766338.00,59407,48.49,90.35,45.55,
3-April-2024,2853.25,2884.40,2847.05,2869.75,2864.792382529500000000,24155,2481,69199060.00,10515,43.53,37.35,16.50,
2-April-2024,2877.45,2891.95,2856.05,2873.40,2874.024400255400000000,43852,5024,126031718.00,23403,53.37,35.90,-4.05,
1-April-2024,2855.70,2885.80,2852.05,2871.30,2869.094739063160000000,14218,1467,40792789.00,6480,45.58,33.75,15.60,
28-March-2024,2837.45,2867.15,2819.00,2846.00,2846.194738852290000000,41892,3522,119232790.00,20449,48.81,48.15,8.55,
27-March-2024,2813.55,2843.15,2813.55,2830.05,2832.477677068130000000,71272,4154,201876349.00,57454,80.61,29.60,16.50,
26-March-2024,2806.35,2842.25,2806.35,2813.45,2822.707023655220000000,123440,12591,348434955.00,75579,61.23,35.90,7.10,
22-March-2024,2820.00,2854.75,2809.00,2842.25,2830.886189087210000000,74738,9257,211574772.00,34267,45.85,45.75,22.25,
21-March-2024,2835.65,2841.55,2815.35,2821.50,2831.530802362070000000,51311,3983,145288677.00,38665,75.35,26.20,-14.15,
20-March-2024,2815.00,2835.65,2799.25,2823.15,2816.868621793040000000,70004,7021,197192071.00,45251,64.64,36.40,8.15,
19-March-2024,2844.95,2844.95,2802.00,2815.25,2811.105865912920000000,157435,21257,442566452.00,113682,72.21,42.95,-29.70,
18-March-2024,2865.00,2865.00,2818.00,2849.65,2839.479632860500000000,105464,9723,299462880.00,73518,69.71,47.00,-15.35,
15-March-2024,2892.55,2896.00,2850.85,2867.80,2882.638674915450000000,149032,11877,429605407.00,110429,74.10,45.15,-24.75,
14-March-2024,2857.05,2897.85,2800.45,2892.55,2870.058711198580000000,51319,2073,147288543.00,43367,84.50,97.40,35.50,
13-March-2024,2897.75,2897.75,2837.90,2857.70,2856.882163737790000000,59693,4941,170535867.00,47101,78.91,59.85,-40.05,
12-March-2024,2878.00,2898.95,2866.05,2875.55,2882.923541734950000000,70169,8390,202291862.00,42451,60.50,32.90,-2.45,
11-March-2024,2899.75,2899.75,2854.75,2877.15,2870.756613576930000000,29447,2431,84535170.00,19643,66.71,45.00,-22.60,
7-March-2024,2827.60,2894.00,2826.45,2870.10,2870.347308340900000000,115635,11994,331912611.00,59020,51.04,67.55,42.50,
6-March-2024,2810.85,2840.00,2777.80,2827.60,2809.051192664930000000,41881,4063,117645873.00,27378,65.37,62.20,16.75,
5-March-2024,2831.75,2831.75,2805.55,2820.10,2823.511306596100000000,99013,11886,279564325.00,78774,79.56,26.20,-11.65,
4-March-2024,2864.75,2864.75,2828.00,2831.75,2835.756000614880000000,45537,3823,129131821.00,33599,73.78,36.75,-33.00,
2-March-2024,2820.30,2860.00,2820.30,2849.55,2849.121030093970000000,16814,2492,47905121.00,12698,75.52,39.70,29.25,
1-March-2024,2826.15,2846.15,2815.75,2832.10,2833.092625932870000000,133861,16174,379240612.00,87405,65.30,30.40,5.95,
29-February-2024,2791.95,2838.60,2777.00,2825.40,2811.004655550770000000,97518,9097,274123552.00,74408,76.30,61.60,33.45,
28-February-2024,2860.00,2860.00,2788.00,2793.75,2808.625694663950000000,174005,32196,488714914.00,99173,56.99,72.00,-66.25,
27-February-2024,2867.85,2870.00,2851.00,2861.70,2859.866110323830000000,114318,8272,326934174.00,92604,81.01,19.00,-6.15,
26-February-2024,2955.00,2955.00,2850.00,2868.40,2875.719372151720000000,116079,11756,333810629.00,67661,58.29,105.00,-86.60,
23-February-2024,3000.00,3004.95,2964.75,2984.80,2981.796716000840000000,80877,11704,241158773.00,35261,43.60,40.20,-15.20,
22-February-2024,2980.75,3026.90,2934.70,3018.55,2972.512712378980000000,90581,5104,269253174.00,65268,72.05,92.20,37.80,
21-February-2024,3016.55,3025.00,2985.00,2999.95,3014.359711021510000000,119040,11077,358829380.00,87171,73.23,40.00,-16.60,
20-February-2024,3000.00,3017.95,2975.00,3012.35,3003.741087019290000000,72731,4710,218465093.00,61794,84.96,42.95,12.35,
19-February-2024,3014.85,3015.00,2988.05,2997.75,3002.745430809400000000,13788,1945,41401854.00,6749,48.95,26.95,-17.10,
16-February-2024,3038.75,3038.75,3000.00,3007.70,3019.841834828100000000,53520,6772,161621935.00,31495,58.85,38.75,-31.05,
15-February-2024,2982.00,3024.00,2968.50,3015.70,2989.904614572840000000,41694,3275,124661083.00,22744,54.55,55.50,33.70,
14-February-2024,2969.00,2981.90,2935.60,2976.35,2955.244291776120000000,9898,1665,29251008.00,4315,43.59,46.30,7.35,
13-February-2024,2960.05,2980.85,2945.60,2970.95,2965.369011579510000000,52852,6380,156725683.00,30853,58.38,35.25,10.90,
12-February-2024,2971.85,2971.85,2920.00,2956.60,2944.683175604630000000,95100,9111,280039370.00,65380,68.75,51.85,-15.25,
9-February-2024,2933.15,2958.65,2910.00,2952.15,2939.646373274990000000,71304,12071,209608545.00,29733,41.70,48.65,19.00,
8-February-2024,3009.90,3009.90,2920.40,2929.95,2940.425813960300000000,136616,16748,401709213.00,96766,70.83,89.50,-79.95,
7-February-2024,2952.05,3000.00,2936.70,2981.60,2967.790198199630000000,100757,11893,299025637.00,50534,50.15,63.30,29.55,
6-February-2024,2949.85,2949.85,2904.15,2934.60,2925.499032527450000000,49097,3656,143633226.00,35298,71.89,45.70,-15.25,
5-February-2024,2964.40,2964.40,2913.00,2917.15,2942.096763503810000000,27159,3477,79904406.00,14315,52.71,51.40,-47.25,
2-February-2024,2952.90,2961.75,2925.00,2935.10,2942.107366961350000000,57690,10327,169730174.00,17614,30.53,36.75,-17.80,
1-February-2024,2960.00,2971.80,2921.50,2928.60,2939.935950055630000000,80890,15070,237811419.00,49832,61.60,50.30,-31.40,
31-January-2024,2969.95,2970.05,2948.35,2958.00,2956.138068623780000000,69422,10941,205221017.00,41477,59.75,21.70,-11.95,
30-January-2024,2995.80,3005.00,2951.15,2954.85,2973.072198386820000000,58270,10415,173240917.00,35125,60.28,53.85,-40.95,
29-January-2024,2948.70,2987.65,2945.00,2976.45,2967.464729609590000000,335182,3708,994640763.00,316906,94.55,42.65,27.75,
25-January-2024,3019.95,3019.95,2943.50,2949.55,2966.671937951480000000,112686,23386,334302394.00,73996,65.67,76.45,-70.40,
24-January-2024,3058.00,3058.00,2975.85,2999.55,2997.310595113310000000,604826,25858,1812851378.00,513163,84.84,82.15,-58.45,
23-January-2024,3099.90,3106.60,3022.60,3058.00,3065.967191341450000000,106161,19030,325486143.00,53098,50.02,84.00,-41.90,
20-January-2024,3167.10,3184.00,3132.00,3140.35,3157.410227960460000000,9914,1194,31302565.00,4208,42.44,52.00,-26.75,
19-January-2024,3170.50,3200.30,3150.00,3165.60,3171.110046968070000000,38111,6940,120854175.00,11094,29.11,50.30,-4.90,
18-January-2024,3243.75,3255.00,3070.55,3163.65,3141.743315906000000000,107494,16789,337718556.00,44743,41.62,184.45,-80.10,
17-January-2024,3295.00,3302.00,3194.00,3242.30,3257.951130641270000000,73277,10256,238732885.00,33123,45.20,108.00,-52.70,
16-January-2024,3270.15,3319.00,3270.15,3297.50,3299.935065963480000000,63141,8056,208361200.00,43440,68.80,48.85,27.35,
15-January-2024,3278.85,3289.95,3257.60,3274.05,3266.397300124210000000,61188,6743,199864318.00,45035,73.60,32.35,-4.80,
12-January-2024,3273.05,3291.55,3244.25,3278.00,3268.522913416540000000,30768,6277,100565913.00,10055,32.68,47.30,4.95,
11-January-2024,3286.55,3308.00,3271.15,3287.85,3282.787644787640000000,33929,3111,111381702.00,27101,79.88,36.85,1.30,
10-January-2024,3299.95,3299.95,3259.30,3286.55,3287.276188971400000000,82277,1897,270467223.00,73684,89.56,40.65,-13.40,
9-January-2024,3306.55,3312.50,3262.35,3266.85,3287.843614432340000000,37804,2364,124293640.00,25659,67.87,50.15,-39.70,
8-January-2024,3358.40,3376.30,3292.80,3296.45,3322.988629482610000000,14863,1923,49389580.00,6534,43.96,83.50,-61.95,
5-January-2024,3380.30,3380.30,3342.40,3355.50,3365.479976661540000000,18853,3533,63449394.00,6383,33.86,37.90,-24.80,
4-January-2024,3373.60,3400.35,3365.00,3379.35,3383.235207913540000000,16377,2213,55407243.00,6815,41.61,35.35,5.75,
3-January-2024,3388.00,3400.85,3368.50,3371.60,3384.534400000000000000,10625,1435,35960678.00,4099,38.58,32.35,-16.40,
2-January-2024,3395.00,3398.30,3345.00,3390.55,3372.809321313150000000,11758,1380,39657492.00,4728,40.21,53.30,-4.45,
1-January-2024,3386.30,3408.40,3386.30,3394.55,3396.380570409980000000,13464,1454,45728868.00,5242,38.93,22.10,8.25,
29-December-2023,3400.15,3422.00,3383.80,3402.10,3395.035634871950000000,52168,7584,177112219.00,25515,48.91,38.20,1.95,
28-December-2023,3403.00,3418.00,3373.30,3395.15,3390.329206152670000000,20999,2733,71193523.00,8222,39.15,44.70,-7.85,
27-December-2023,3384.45,3412.40,3354.55,3403.00,3383.050936401710000000,20771,2329,70269351.00,9930,47.81,57.85,18.55,
26-December-2023,3346.50,3391.00,3344.05,3382.95,3366.863762509460000000,83237,8180,280247639.00,52093,62.58,46.95,36.45,
22-December-2023,3306.55,3351.00,3287.80,3341.55,3337.119116920200000000,54627,5989,182296806.00,35712,65.37,63.20,35.00,
21-December-2023,3260.80,3319.55,3260.80,3302.60,3293.814617186630000000,53786,7459,177161113.00,37620,69.94,58.75,41.80,
20-December-2023,3325.35,3359.65,3282.05,3306.55,3331.251080861020000000,87199,6623,290481763.00,71868,82.42,77.60,-18.80,
19-December-2023,3335.00,3353.15,3300.55,3335.55,3326.707552704660000000,25567,2111,85053932.00,16185,63.30,52.60,0.55,
18-December-2023,3314.00,3335.00,3296.40,3332.00,3327.641231047750000000,44190,2285,147048466.00,31683,71.70,38.60,18.00,
15-December-2023,3243.05,3326.00,3242.75,3312.00,3283.429582578650000000,119807,14813,393377848.00,80040,66.81,83.25,68.95,
14-December-2023,3251.65,3254.95,3217.30,3242.75,3238.569019411710000000,63982,7861,207210123.00,34717,54.26,37.65,-8.90,
13-December-2023,3236.65,3246.00,3190.00,3244.35,3221.554253637800000000,18349,1895,59112299.00,9543,52.01,56.00,7.70,
12-December-2023,3226.65,3257.70,3208.40,3223.55,3233.810021255640000000,77156,7941,249507846.00,52318,67.81,49.30,-3.10,
11-December-2023,3233.00,3245.00,3185.20,3233.15,3210.635375792330000000,56321,6707,180826195.00,29002,51.49,59.80,0.15,
8-December-2023,3275.80,3275.80,3227.10,3233.15,3242.363246758040000000,27067,5871,87761046.00,9850,36.39,48.70,-42.65,
7-December-2023,3297.95,3300.50,3246.60,3251.25,3267.367961854520000000,29571,3042,96619338.00,15194,51.38,53.90,-46.70,
6-December-2023,3255.05,3289.00,3234.00,3252.00,3268.648692977960000000,29265,3171,95657004.00,12038,41.13,55.00,-3.05,
5-December-2023,3194.55,3248.05,3178.65,3226.20,3217.853140416760000000,27162,2742,87403327.00,13961,51.40,69.40,31.65,
4-December-2023,3190.00,3204.50,3166.45,3194.35,3184.309609276140000000,38723,3497,123306021.00,23448,60.55,38.05,4.35,
1-December-2023,3141.00,3190.00,3139.15,3172.70,3170.802537929900000000,97087,12067,307843706.00,44317,45.65,50.85,31.70,
30-November-2023,3145.05,3149.85,3112.50,3120.00,3130.527747717280000000,59140,7084,185139411.00,37803,63.92,37.35,-25.05,
29-November-2023,3140.05,3170.00,3140.05,3149.85,3158.466324786320000000,8775,1126,27715542.00,4220,48.09,29.95,9.80,
28-November-2023,3140.45,3159.60,3134.60,3147.65,3149.881733482050000000,30482,5150,96014695.00,20788,68.20,25.00,7.20,
24-November-2023,3130.00,3139.40,3111.85,3136.15,3128.060074131060000000,14299,3409,44728131.00,3774,26.39,27.55,6.15,
23-November-2023,3150.00,3170.85,3116.50,3121.90,3145.665004629960000000,14039,2367,44161991.00,4899,34.90,54.35,-28.10,
22-November-2023,3135.00,3156.00,3121.45,3132.60,3139.592164179100000000,13400,1461,42070535.00,4980,37.16,34.55,-2.40,
21-November-2023,3141.05,3147.95,3127.95,3132.30,3136.391542678150000000,12770,1566,40051720.00,4701,36.81,20.00,-8.75,
20-November-2023,3168.00,3170.00,3133.05,3139.60,3146.676565824780000000,10809,1702,34012427.00,4627,42.81,36.95,-28.40,
17-November-2023,3145.05,3228.00,3145.05,3167.50,3196.828475311010000000,44291,5688,141590730.00,16298,36.80,82.95,22.45,
16-November-2023,3116.40,3140.30,3098.35,3130.00,3128.529648341420000000,30086,1963,94124943.00,25090,83.39,41.95,13.60,
15-November-2023,3081.05,3118.00,3078.20,3115.10,3096.803151491930000000,41758,5921,129316306.00,24683,59.11,39.80,34.05,
13-November-2023,3099.50,3099.50,3066.00,3088.95,3080.867511542630000000,52631,2339,162149138.00,44629,84.80,33.50,-10.55,
12-November-2023,3100.00,3100.00,3093.70,3097.60,3097.881921824100000000,4912,960,15216796.00,3458,70.40,6.30,-2.40,
10-November-2023,3079.95,3087.55,3041.05,3075.90,3065.743226751280000000,16388,2746,50241400.00,4288,26.17,46.50,-4.05,
9-November-2023,3106.00,3110.20,3073.00,3080.15,3096.755536535790000000,18694,2034,57890748.00,6965,37.26,37.20,-25.85,
8-November-2023,3050.05,3098.80,3045.00,3092.90,3079.356744073150000000,49436,6115,152231080.00,26475,53.55,53.80,42.85,
7-November-2023,3039.95,3040.00,3003.00,3033.50,3020.227427597960000000,10566,1542,31911723.00,3963,37.51,37.00,-6.45,
6-November-2023,3013.95,3033.00,2985.40,3027.90,3011.259130865420000000,64616,9360,194575520.00,41172,63.72,47.60,13.95,
3-November-2023,2960.00,2983.10,2943.00,2977.85,2974.088705138750000000,115495,12361,343492375.00,34293,29.69,40.10,17.85,
2-November-2023,2964.10,2964.10,2934.35,2955.70,2949.335074302060000000,32166,6237,94868312.00,19327,60.09,29.75,-8.40,
1-November-2023,2999.00,3004.95,2930.05,2935.35,2953.969566788450000000,49814,12208,147149040.00,33358,66.97,74.90,-63.65,
31-October-2023,2987.95,3013.00,2965.10,2996.35,2997.011907221820000000,38716,5859,116032313.00,16813,43.43,47.90,8.40,
30-October-2023,2979.55,2991.10,2940.00,2967.45,2967.663489086840000000,19197,2426,56970236.00,8453,44.03,51.10,-12.10,
27-October-2023,2950.00,2975.00,2932.00,2954.30,2955.391958182550000000,62175,10085,183751495.00,18864,30.34,43.00,4.30,
26-October-2023,3059.95,3060.00,2941.25,2958.40,2992.788777939660000000,140705,25155,421100345.00,85290,60.62,118.75,-101.55,
25-October-2023,3090.30,3107.00,3052.75,3061.10,3084.177590847910000000,14860,2028,45830879.00,5732,38.57,54.25,-29.20,
23-October-2023,3104.95,3108.05,3063.00,3071.40,3093.692198042380000000,21046,2675,65109846.00,13466,63.98,45.05,-33.55,
20-October-2023,3094.60,3116.10,3066.05,3105.35,3103.104088426910000000,258021,18957,800666020.00,45077,17.47,50.05,10.75,
19-October-2023,3093.05,3111.65,3076.55,3100.35,3100.379880087310000000,72386,1681,224424098.00,63939,88.33,35.10,7.30,
18-October-2023,3110.00,3116.00,3091.00,3096.05,3108.578514456630000000,40120,3567,124716170.00,33153,82.63,25.00,-13.95,
17-October-2023,3130.05,3135.05,3092.70,3112.15,3111.420779842120000000,37623,6292,117060984.00,17792,47.29,42.35,-17.90,
16-October-2023,3134.95,3134.95,3097.90,3112.60,3114.475610283000000000,23145,2972,72084538.00,10861,46.93,37.05,-22.35,
13-October-2023,3150.00,3171.65,3128.10,3148.75,3148.228885858980000000,154020,16562,484890213.00,18679,12.13,43.55,-1.25,
12-October-2023,3195.50,3195.50,3150.45,3159.35,3160.437604147380000000,10802,1636,34139047.00,4814,44.57,45.05,-36.15,
11-October-2023,3169.95,3185.00,3155.00,3163.55,3163.635263187760000000,158613,3493,501793680.00,148679,93.74,30.00,-6.40,
10-October-2023,3149.00,3163.55,3140.90,3151.65,3149.245371916160000000,26955,4564,84887909.00,13273,49.24,22.65,2.65,
9-October-2023,3147.25,3163.00,3134.20,3153.25,3152.656134986690000000,17661,2153,55679060.00,7705,43.63,28.80,6.00,
6-October-2023,3222.45,3222.45,3186.80,3193.65,3200.591742720560000000,69030,6830,220936848.00,8493,12.30,35.65,-28.80,
5-October-2023,3208.00,3232.85,3175.00,3205.40,3201.395501405810000000,21340,2444,68317780.00,6349,29.75,57.85,-2.60,
4-October-2023,3169.95,3188.60,3153.15,3169.55,3171.726790971540000000,15285,2157,48479844.00,5951,38.93,35.45,-0.40,
3-October-2023,3169.95,3226.00,3161.40,3166.60,3189.874778689840000000,62130,6895,198186920.00,21246,34.20,64.60,-3.35,
29-September-2023,3209.95,3209.95,3134.40,3161.35,3158.101826072720000000,48848,5939,154266958.00,14619,29.93,75.55,-48.60,
28-September-2023,3298.95,3298.95,3155.60,3169.60,3193.310160066940000000,74094,7782,236605123.00,27241,36.77,143.35,-129.35,
27-September-2023,3262.90,3307.00,3262.90,3300.70,3291.911911964120000000,38348,3962,126238238.00,16244,42.36,44.10,37.80,
26-September-2023,3323.40,3323.40,3260.10,3293.85,3288.666140169410000000,71542,6711,235277753.00,38469,53.77,63.30,-29.55,
25-September-2023,3277.05,3333.50,3270.25,3323.30,3315.270178156470000000,129100,13870,428001380.00,77033,59.67,63.25,46.25,
22-September-2023,3220.05,3283.95,3220.05,3276.05,3260.159502785770000000,49717,4691,162085350.00,26774,53.85,63.90,56.00,
21-September-2023,3206.65,3259.80,3182.00,3242.35,3211.427453263470000000,92754,9361,297872742.00,57158,61.62,77.80,35.70,
20-September-2023,3205.00,3227.70,3195.05,3215.55,3208.269901668070000000,123256,8600,395438515.00,105592,85.67,32.65,10.55,
18-September-2023,3196.60,3229.05,3190.00,3205.45,3215.263571502430000000,19342,2167,62189628.00,10873,56.21,39.05,8.85,
15-September-2023,3240.00,3240.00,3185.00,3196.60,3198.322304182830000000,46906,4793,150020506.00,22113,47.14,55.00,-43.40,
14-September-2023,3287.95,3291.15,3223.90,3239.40,3246.026583757620000000,23962,2800,77781289.00,9646,40.26,67.25,-48.55,
13-September-2023,3247.60,3283.80,3225.50,3276.55,3255.584605382180000000,35376,4357,115169561.00,18704,52.87,58.30,28.95,
12-September-2023,3257.45,3280.00,3242.95,3257.05,3263.954843491650000000,17539,1769,57246504.00,5936,33.84,37.05,-0.40,
11-September-2023,3233.05,3265.00,3233.05,3259.15,3252.807063100490000000,11553,1663,37579680.00,6807,58.92,31.95,26.10,
8-September-2023,3246.05,3262.40,3233.05,3236.65,3246.872603655820000000,8972,1433,29130941.00,3950,44.03,29.35,-9.40,
7-September-2023,3213.90,3252.00,3203.00,3244.75,3233.158141197500000000,27975,2647,90447599.00,18833,67.32,49.00,30.85,
6-September-2023,3212.00,3230.00,3192.75,3223.85,3210.817111053590000000,38630,5306,124033865.00,17095,44.25,37.25,11.85,
5-September-2023,3235.60,3249.50,3217.50,3223.70,3238.120986385820000000,31144,3678,100848040.00,22365,71.81,32.00,-11.90,
4-September-2023,3259.55,3265.00,3216.30,3235.20,3231.709963608170000000,46439,6696,150077379.00,22686,48.85,48.70,-24.35,
1-September-2023,3240.00,3263.80,3217.35,3259.95,3242.741327623130000000,11675,1837,37859005.00,4176,35.77,46.45,19.95,
31-August-2023,3308.95,3308.95,3227.60,3250.65,3263.648190316400000000,16688,1835,54463761.00,8598,51.52,81.35,-58.30,
30-August-2023,3304.75,3304.75,3276.05,3294.30,3292.400981432360000000,37700,3693,124123517.00,30592,81.15,28.70,-10.45,
29-August-2023,3250.05,3288.00,3250.05,3285.05,3278.178707837100000000,62051,6597,203414267.00,38505,62.05,37.95,35.00,
28-August-2023,3260.05,3271.00,3231.05,3260.45,3260.843430716500000000,61270,7618,199791877.00,37442,61.11,39.95,0.40,
25-August-2023,3244.95,3264.25,3216.35,3259.95,3248.582501050450000000,61878,7191,201015788.00,35864,57.96,47.90,15.00,
24-August-2023,3180.15,3234.00,3172.00,3226.25,3219.796560157630000000,100993,5982,325176914.00,72665,71.95,62.00,46.10,
23-August-2023,3180.50,3196.30,3165.05,3168.70,3177.764906950250000000,23697,4386,75303495.00,11210,47.31,31.25,-11.80,
22-August-2023,3194.65,3194.85,3171.50,3180.15,3183.036263507900000000,9624,1444,30633541.00,4083,42.43,23.35,-14.50,
21-August-2023,3161.50,3187.00,3154.00,3182.05,3170.587276610090000000,8897,1599,28208715.00,4032,45.32,33.00,20.55,
18-August-2023,3178.00,3185.50,3157.00,3161.45,3167.721191680720000000,16011,2525,50718384.00,7432,46.42,28.50,-16.55,
17-August-2023,3220.00,3223.00,3162.50,3182.85,3185.785404708910000000,17074,2689,54394100.00,8710,51.01,60.50,-37.15,
16-August-2023,3195.00,3207.85,3177.00,3193.80,3188.948222850820000000,16262,2645,51858676.00,8399,51.65,30.85,-1.20,
14-August-2023,3185.20,3209.95,3152.00,3199.80,3182.930000000000000000,22600,3027,71934218.00,12529,55.44,57.95,14.60,
11-August-2023,3230.05,3248.95,3178.75,3185.20,3198.913303272570000000,36149,3856,115637517.00,14841,41.06,70.20,-44.85,
10-August-2023,3315.00,3318.60,3228.00,3234.25,3251.286095813460000000,54293,6384,176522076.00,24441,45.02,90.60,-80.75,
9-August-2023,3330.00,3356.60,3302.45,3330.40,3325.141398541400000000,11655,1864,38754523.00,5866,50.33,54.15,0.40,
8-August-2023,3342.00,3359.00,3333.00,3346.25,3345.069767441860000000,9675,1466,32363550.00,4440,45.89,26.00,4.25,
7-August-2023,3321.30,3349.65,3320.15,3341.70,3336.419021336190000000,24278,4346,81001581.00,14776,60.86,29.50,20.40,
4-August-2023,3335.00,3372.80,3305.00,3339.90,3336.795133528420000000,43399,3358,144813572.00,28555,65.80,67.80,4.90,
3-August-2023,3365.05,3371.10,3317.70,3335.55,3333.146507936510000000,75600,8992,251985876.00,54557,72.17,53.40,-29.50,
2-August-2023,3335.05,3371.95,3330.65,3363.25,3351.216794075490000000,16744,2417,56112774.00,6572,39.25,41.30,28.20,
1-August-2023,3374.95,3384.45,3337.90,3341.85,3350.820085274860000000,13134,2381,44009671.00,6894,52.49,46.55,-33.10,
31-July-2023,3350.00,3386.10,3330.00,3374.95,3361.020737294100000000,69633,7558,234037957.00,52175,74.93,56.10,24.95,
28-July-2023,3370.95,3396.60,3364.80,3390.10,3381.716038118410000000,29592,4850,100071741.00,14455,48.85,31.80,19.15,
27-July-2023,3380.05,3413.40,3352.30,3370.95,3378.788743681420000000,16222,2472,54810711.00,6800,41.92,61.10,-9.10,
26-July-2023,3400.10,3414.45,3365.00,3371.85,3389.210344827590000000,24940,3128,84526906.00,9584,38.43,49.45,-28.25,
25-July-2023,3554.75,3554.75,3351.00,3400.10,3444.989579112460000000,209771,9726,722658909.00,130063,62.00,203.75,-154.65,
24-July-2023,3500.05,3566.90,3500.00,3542.10,3532.833542976940000000,19080,3314,67406464.00,9634,50.49,66.90,42.05,
21-July-2023,3523.75,3537.60,3505.50,3516.85,3518.807010081250000000,23509,3297,82723634.00,14418,61.33,32.10,-6.90,
20-July-2023,3501.05,3534.30,3494.90,3523.70,3518.857258645530000000,33312,6720,117220173.00,21767,65.34,39.40,22.65,
19-July-2023,3513.50,3529.00,3481.45,3516.80,3507.226771475430000000,17683,2613,62018291.00,8959,50.66,47.55,3.30,
18-July-2023,3450.05,3521.05,3450.05,3512.75,3493.541476727890000000,67785,10909,236809709.00,49792,73.46,71.00,62.70,
17-July-2023,3422.10,3472.90,3422.10,3460.65,3449.654494247940000000,20949,3116,72266812.00,10987,52.45,50.80,38.55,
14-July-2023,3398.60,3435.00,3386.55,3429.55,3414.146744514470000000,47443,7672,161977364.00,34336,72.37,48.45,30.95,
13-July-2023,3416.50,3421.15,3385.00,3398.60,3399.677893314680000000,41449,6027,140913249.00,24673,59.53,36.15,-17.90,
12-July-2023,3400.65,3413.85,3363.00,3407.20,3389.458513354280000000,20368,2822,69036491.00,8526,41.86,50.85,6.55,
11-July-2023,3345.15,3399.00,3345.15,3392.10,3381.737968246090000000,16124,2248,54527143.00,8642,53.60,53.85,46.95,
10-July-2023,3344.05,3370.00,3292.85,3342.35,3334.140547352400000000,42057,8360,140223949.00,25270,60.09,77.15,-1.70,
7-July-2023,3375.00,3412.25,3337.55,3344.05,3367.931928816530000000,37593,5544,126610665.00,10933,29.08,74.70,-30.95,
6-July-2023,3400.10,3407.45,3367.75,3395.90,3386.926213702360000000,17632,2471,59718283.00,8678,49.22,39.70,-4.20,
5-July-2023,3343.05,3400.00,3343.05,3374.15,3373.671467190960000000,40690,6822,137274692.00,29436,72.34,56.95,31.10,
4-July-2023,3358.30,3386.55,3331.20,3347.90,3348.843150896720000000,12936,2034,43320635.00,6801,52.57,55.35,-10.40,
3-July-2023,3362.60,3374.15,3337.95,3358.30,3357.083258605230000000,14497,2434,48667636.00,6967,48.06,36.20,-4.30,
30-June-2023,3347.20,3449.75,3345.00,3361.70,3373.729338182700000000,65713,9152,221697876.00,14726,22.41,104.75,14.50,
28-June-2023,3330.00,3355.00,3324.15,3347.15,3342.667596439170000000,16850,2374,56323949.00,8297,49.24,30.85,17.15,
27-June-2023,3280.05,3343.05,3278.20,3325.30,3325.618610664400000000,31713,5313,105465343.00,21915,69.10,64.85,45.25,
26-June-2023,3290.75,3314.95,3272.00,3308.35,3299.241327348510000000,31190,4728,102903337.00,22975,73.66,42.95,17.60,
23-June-2023,3250.15,3303.00,3250.15,3297.70,3292.867659721990000000,89421,9310,294451519.00,10052,11.24,52.85,47.55,
22-June-2023,3330.00,3330.00,3241.70,3247.95,3267.023575319080000000,49204,2171,160750628.00,41535,84.41,88.30,-82.05,
21-June-2023,3306.05,3331.40,3300.00,3314.55,3310.909377664110000000,11730,1661,38836967.00,5919,50.46,31.40,8.50,
20-June-2023,3309.90,3326.45,3276.30,3318.40,3296.800487953640000000,32790,5862,108102088.00,22471,68.53,50.15,8.50,
19-June-2023,3310.00,3344.70,3304.50,3309.85,3318.232577293460000000,15784,2584,52374983.00,7653,48.49,40.20,-0.15,
16-June-2023,3237.85,3323.20,3237.85,3315.20,3304.877314937650000000,18845,2422,62280413.00,10445,55.43,85.35,77.35,
15-June-2023,3272.30,3303.20,3272.30,3294.00,3290.380346065950000000,21441,2269,70549045.00,12475,58.18,30.90,21.70,
14-June-2023,3260.05,3288.95,3253.30,3269.15,3270.857213014120000000,16290,2246,53282264.00,7076,43.44,35.65,9.10,
13-June-2023,3202.00,3272.35,3202.00,3262.20,3255.280002317900000000,34514,3887,112352734.00,13775,39.91,70.35,60.20,
12-June-2023,3180.00,3202.50,3152.30,3193.45,3180.115808144260000000,13531,1623,43030147.00,4682,34.60,50.20,13.45,
9-June-2023,3212.00,3238.00,3168.25,3180.40,3204.507165445210000000,492991,3214,1579793192.00,481642,97.70,69.75,-31.60,
8-June-2023,3223.85,3245.20,3192.30,3210.75,3216.447773426830000000,10981,1585,35319813.00,3945,35.93,52.90,-13.10,
7-June-2023,3214.00,3228.45,3208.05,3223.85,3219.010484145930000000,11732,1389,37765431.00,6298,53.68,20.40,9.85,
6-June-2023,3199.10,3238.30,3195.85,3212.20,3219.896554754790000000,11378,1614,36635983.00,4595,40.38,42.45,13.10,
5-June-2023,3235.20,3237.00,3195.95,3199.05,3211.753575266600000000,12097,2110,38852583.00,5332,44.08,41.05,-36.15,
2-June-2023,3240.00,3250.00,3217.40,3235.15,3236.452831628760000000,13102,1876,42404005.00,5210,39.76,32.60,-4.85,
1-June-2023,3226.00,3249.00,3206.45,3240.45,3236.362537810980000000,64796,9252,209703347.00,44175,68.18,42.55,14.45,
31-May-2023,3145.00,3218.35,3139.40,3198.20,3188.416456284880000000,30104,3881,95984089.00,16416,54.53,78.95,53.20,
30-May-2023,3139.10,3154.70,3128.90,3143.50,3143.499964036540000000,13903,1777,43704080.00,6680,48.05,25.80,4.40,
29-May-2023,3150.00,3153.80,3115.65,3136.30,3131.869150348490000000,12052,1727,37745287.00,5472,45.40,38.15,-13.70,
26-May-2023,3117.05,3136.15,3112.00,3127.20,3126.712268097040000000,20321,1750,63537920.00,14218,69.97,24.15,10.15,
25-May-2023,3100.00,3128.00,3086.00,3122.30,3108.613346557100000000,28232,3989,87762372.00,15842,56.11,42.00,22.30,
24-May-2023,3120.00,3133.15,3098.00,3102.00,3114.624459809850000000,11570,1434,36036205.00,3340,28.87,35.15,-18.00,
23-May-2023,3082.15,3127.80,3082.15,3118.30,3114.832272639610000000,36297,5397,113059067.00,24658,67.93,45.65,36.15,
22-May-2023,3061.55,3105.00,3046.40,3085.30,3084.811997991970000000,11952,1648,36869673.00,5804,48.56,58.60,23.75,
19-May-2023,3109.00,3128.35,3068.15,3083.95,3093.346943573670000000,12760,1835,39471107.00,5911,46.32,60.20,-25.05,
18-May-2023,3099.90,3124.35,3093.00,3108.70,3109.743291839560000000,32535,4818,101175498.00,18789,57.75,31.35,8.80,
17-May-2023,3130.00,3143.70,3075.00,3093.00,3103.359255658940000000,57608,9031,178778320.00,34369,59.66,68.70,-37.00,
16-May-2023,3149.90,3165.00,3124.00,3138.10,3147.643150174040000000,16088,1929,50639283.00,5829,36.23,41.00,-11.80,
15-May-2023,3120.05,3167.60,3120.05,3131.50,3150.490195775450000000,64717,8694,203890274.00,45587,70.44,47.55,11.45,
12-May-2023,3139.00,3179.00,3088.00,3131.30,3139.577552275520000000,48780,5083,153148593.00,17272,35.41,91.00,-7.70,
11-May-2023,3057.95,3155.00,3031.20,3138.60,3094.537646576060000000,80419,7398,248859623.00,18831,23.42,123.80,80.65,
10-May-2023,3048.95,3056.95,3017.70,3040.65,3036.925214121580000000,33509,4941,101764327.00,19678,58.72,39.25,-8.30,
9-May-2023,3005.05,3074.00,3005.05,3035.40,3050.227889740170000000,24016,2646,73254273.00,9539,39.72,68.95,30.35,
8-May-2023,3015.00,3034.90,2992.55,3018.70,3015.587899756870000000,21388,2759,64497394.00,8708,40.71,42.35,3.70,
5-May-2023,2965.00,3024.20,2950.70,3011.90,2993.034758030630000000,26181,3221,78360643.00,10897,41.62,73.50,46.90,
4-May-2023,2957.95,2986.90,2923.00,2982.55,2958.559386556450000000,27582,3106,81602985.00,10473,37.97,63.90,24.60,
3-May-2023,2910.60,2962.80,2899.00,2929.35,2933.797300410010000000,43414,4614,127367876.00,16115,37.12,63.80,18.75,
2-May-2023,2902.05,2934.45,2892.70,2899.00,2911.914271691120000000,18337,1987,53395772.00,6377,34.78,41.75,-3.05,
28-April-2023,2914.90,2914.90,2847.70,2901.30,2886.227699847140000000,44484,3434,128390953.00,27067,60.85,67.20,-13.60,
27-April-2023,2912.00,2932.60,2894.00,2898.45,2900.092061409260000000,38105,3250,110508008.00,27976,73.42,38.60,-13.55,
26-April-2023,2878.70,2916.00,2878.70,2909.25,2902.656934306570000000,19865,1708,57661280.00,10212,51.41,37.30,30.55,
25-April-2023,2896.00,2901.65,2864.60,2897.60,2893.982813696740000000,53531,3583,154917794.00,41630,77.77,37.05,1.60,
24-April-2023,2880.00,2896.00,2854.00,2890.10,2881.854043798290000000,43746,3368,126069587.00,30657,70.08,42.00,10.10,
21-April-2023,2844.50,2886.00,2844.50,2880.05,2870.605571355390000000,56611,6413,162507852.00,33132,58.53,41.50,35.55,
20-April-2023,2815.00,2851.15,2814.35,2843.85,2837.788798550340000000,41941,3403,119019700.00,29606,70.59,36.80,28.85,
19-April-2023,2854.70,2855.00,2801.25,2809.00,2822.338768909400000000,59362,7978,167539674.00,33863,57.04,53.75,-45.70,
18-April-2023,2842.50,2860.00,2831.50,2857.60,2853.665728262880000000,43336,2621,123666458.00,28317,65.34,28.50,15.10,
17-April-2023,2812.00,2845.00,2807.30,2842.50,2827.961051298290000000,15790,1936,44653505.00,8024,50.82,37.70,30.50,
13-April-2023,2781.05,2812.60,2781.05,2808.30,2803.037769869510000000,42150,5488,118148042.00,29849,70.82,31.55,27.25,
12-April-2023,2754.00,2805.55,2753.00,2786.85,2776.231573638200000000,29740,2996,82565127.00,10126,34.05,52.55,32.85,
11-April-2023,2790.00,2790.00,2750.20,2753.65,2757.279605831840000000,104118,10470,287082438.00,79127,76.00,39.80,-36.35,
10-April-2023,2814.95,2814.95,2755.35,2776.45,2772.308211292870000000,37351,3224,103548484.00,19560,52.37,59.60,-38.50,
6-April-2023,2808.00,2825.00,2775.50,2809.35,2808.191339406620000000,32492,4614,91243753.00,16291,50.14,49.50,1.35,
5-April-2023,2763.00,2811.65,2752.20,2808.65,2784.079592692880000000,52442,7105,146002702.00,24671,47.04,59.45,45.65,
3-April-2023,2755.00,2781.00,2705.90,2777.40,2750.517927175750000000,57371,8408,157799964.00,30139,52.53,75.10,22.40,
31-March-2023,2769.00,2774.00,2747.45,2761.65,2761.012603915260000000,26103,3777,72070712.00,12664,48.52,26.55,-7.35,
29-March-2023,2783.70,2793.10,2756.00,2769.00,2772.075947517610000000,34221,7221,94863211.00,23993,70.11,37.10,-14.70,
28-March-2023,2789.00,2810.00,2765.00,2783.70,2782.929097387170000000,16840,2070,46864526.00,6150,36.52,45.00,-5.30,
27-March-2023,2798.50,2818.40,2786.20,2802.90,2800.983843455310000000,31071,5222,87029369.00,19942,64.18,32.20,4.40,
24-March-2023,2790.25,2815.75,2773.25,2798.70,2794.309239013930000000,23325,3578,65177263.00,12538,53.75,42.50,8.45,
23-March-2023,2823.75,2823.75,2768.65,2797.40,2789.963781461020000000,21177,3055,59083063.00,6762,31.93,55.10,-26.35,
22-March-2023,2802.00,2854.15,2802.00,2839.75,2836.188348803130000000,40940,2822,116113551.00,11855,28.96,52.15,37.75,
21-March-2023,2864.95,2886.15,2830.70,2837.65,2854.746630341270000000,34870,4679,99545015.00,11023,31.61,55.45,-27.30,
20-March-2023,2861.90,2886.10,2833.00,2855.85,2847.739556209670000000,17666,2150,50308167.00,7195,40.73,53.10,-6.05,
17-March-2023,2910.65,2920.00,2855.20,2861.90,2888.114530330130000000,57583,8568,166306299.00,27820,48.31,64.80,-48.75,
16-March-2023,2842.60,2900.00,2828.05,2894.95,2870.162409152350000000,102094,14465,293026361.00,66009,64.66,71.95,52.35,
15-March-2023,2778.00,2865.00,2768.60,2829.40,2832.288349815150000000,109818,15337,311036242.00,48417,44.09,96.40,51.40,
14-March-2023,2777.05,2784.00,2740.35,2746.25,2760.312907300550000000,69666,15684,192299959.00,57291,82.24,43.65,-30.80,
13-March-2023,2828.95,2849.00,2773.00,2783.05,2812.501439718650000000,45495,7157,127954753.00,27125,59.62,76.00,-45.90,
10-March-2023,2825.05,2840.35,2807.00,2829.55,2824.747678514250000000,15615,1917,44108435.00,5627,36.04,33.35,4.50,
9-March-2023,2869.95,2871.65,2838.40,2853.20,2857.445275858370000000,55862,7020,159622608.00,42408,75.92,33.25,-16.75,
8-March-2023,2852.05,2867.00,2827.00,2859.40,2848.171501098970000000,32303,5893,92004484.00,14701,45.51,40.00,7.35,
6-March-2023,2835.05,2883.80,2831.95,2867.00,2873.427438516370000000,64814,6305,186238326.00,45877,70.78,51.85,31.95,
3-March-2023,2845.20,2850.00,2811.65,2828.20,2825.938614007840000000,13521,2400,38209516.00,5146,38.06,38.35,-17.00,
2-March-2023,2838.95,2849.00,2810.60,2833.55,2832.834376303710000000,40749,5771,115435168.00,21950,53.87,38.40,-5.40,
1-March-2023,2828.50,2853.90,2816.50,2841.40,2837.084278207960000000,86784,8127,246213522.00,43917,50.60,37.40,12.90,
28-February-2023,2754.95,2838.95,2730.00,2829.50,2794.484747179270000000,38288,4473,106995232.00,10267,26.82,108.95,74.55,
27-February-2023,2738.70,2758.05,2725.00,2749.75,2743.552734413350000000,50925,7192,139715423.00,21663,42.54,33.05,11.05,
24-February-2023,2709.30,2762.00,2709.30,2738.70,2740.806509285490000000,79425,8497,217688557.00,29955,37.71,52.70,29.40,
23-February-2023,2791.00,2803.05,2701.00,2706.35,2731.355416728510000000,74113,11805,202428944.00,56356,76.04,102.05,-84.65,
22-February-2023,2814.95,2814.95,2780.00,2795.90,2795.650550724640000000,25875,2180,72337458.00,12818,49.54,34.95,-19.05,
21-February-2023,2836.00,2840.95,2805.00,2817.00,2814.149242761690000000,44900,6677,126355301.00,23283,51.86,35.95,-19.00,
20-February-2023,2842.00,2851.90,2814.00,2827.35,2826.105573634080000000,67299,8038,190194079.00,37972,56.42,37.90,-14.65,
17-February-2023,2790.05,2845.00,2786.40,2835.30,2831.652504818870000000,100646,12993,284994498.00,60057,59.67,58.60,45.25,
16-February-2023,2798.00,2834.75,2790.60,2806.95,2818.621181183520000000,51423,7166,144941957.00,24329,47.31,44.15,8.95,
15-February-2023,2776.00,2799.00,2755.25,2788.95,2771.540319871840000000,38703,5145,107266925.00,16599,42.89,43.75,12.95,
14-February-2023,2791.05,2803.15,2765.00,2777.30,2776.546933085500000000,12912,2016,35850774.00,4483,34.72,38.15,-13.75,
13-February-2023,2818.00,2828.95,2780.10,2790.05,2793.741781289630000000,92259,6420,257747823.00,65663,71.17,48.85,-27.95,
10-February-2023,2835.40,2835.40,2792.95,2804.90,2810.674457637710000000,56005,7429,157411823.00,25397,45.35,42.45,-30.50,
9-February-2023,2784.00,2819.25,2768.55,2815.30,2795.112615566190000000,30502,3565,85256525.00,14987,49.13,50.70,31.30,
8-February-2023,2762.15,2784.45,2744.00,2765.55,2764.778749299740000000,91037,8175,251697163.00,59965,65.87,40.45,3.40,
7-February-2023,2760.00,2774.60,2748.55,2758.25,2764.178730671950000000,76702,7961,212018037.00,50044,65.24,26.05,-1.75,
6-February-2023,2760.15,2766.35,2718.05,2755.70,2738.531643075310000000,30449,3829,83385550.00,14607,47.97,48.30,-4.45,
3-February-2023,2710.00,2764.00,2700.45,2760.15,2735.802558422700000000,68167,9136,186491453.00,31161,45.71,63.55,50.15,
2-February-2023,2773.65,2773.65,2694.05,2705.85,2717.564882943140000000,44850,6934,121882785.00,30026,66.95,79.60,-67.80,
1-February-2023,2758.25,2777.85,2705.60,2743.70,2749.773815399800000000,72936,11702,200557503.00,35235,48.31,72.25,-14.55,
31-January-2023,2770.00,2781.95,2719.20,2726.60,2739.544213547440000000,110102,16304,301629297.00,68417,62.14,62.75,-43.40,
30-January-2023,2726.60,2776.50,2693.95,2766.20,2733.001675233750000000,69841,13526,190875570.00,37088,53.10,82.55,39.60,
27-January-2023,2774.00,2774.00,2686.15,2726.60,2719.612699396740000000,83878,13789,228115674.00,62994,75.10,87.85,-47.40,
25-January-2023,2810.30,2812.00,2767.85,2774.00,2778.238309217820000000,33381,5365,92740373.00,20726,62.09,44.15,-36.30,
24-January-2023,2791.05,2827.75,2785.05,2810.30,2811.373061469270000000,83375,11135,234398229.00,41292,49.53,42.70,19.25,
23-January-2023,2789.55,2800.00,2766.50,2785.75,2786.447181746300000000,88530,14699,246684169.00,58263,65.81,33.50,-3.80,
20-January-2023,2850.10,2850.10,2782.50,2788.10,2804.770024855890000000,189090,39121,530353964.00,100786,53.30,67.60,-62.00,
19-January-2023,2957.00,2972.10,2853.00,2868.05,2909.933045937320000000,137557,21668,400281660.00,50670,36.84,119.10,-88.95,
18-January-2023,2951.00,2960.00,2930.75,2945.85,2948.765547993430000000,29827,5017,87952830.00,11159,37.41,29.25,-5.15,
17-January-2023,2925.00,2944.95,2912.20,2941.35,2933.638244879570000000,37741,5581,110718441.00,13710,36.33,32.75,16.35,
16-January-2023,2933.95,2933.95,2897.00,2917.05,2913.676978108460000000,34945,6893,101818442.00,18111,51.83,36.95,-16.90,
13-January-2023,2917.00,2924.70,2872.45,2909.20,2899.446150381020000000,26639,3751,77238346.00,17343,65.10,52.25,-7.80,
12-January-2023,2940.60,2941.05,2897.00,2915.80,2905.735273698260000000,37450,7147,108819786.00,24767,66.13,44.05,-24.80,
11-January-2023,2975.15,2975.15,2936.30,2940.15,2948.520366786470000000,43404,8761,127977578.00,24306,56.00,38.85,-35.00,
10-January-2023,2989.95,2989.95,2953.05,2960.45,2963.954742759550000000,14053,2218,41652456.00,7474,53.18,36.90,-29.50,
9-January-2023,2999.95,3017.35,2951.20,2982.90,2985.622620116750000000,89080,14895,265959263.00,45640,51.23,66.15,-17.05,
6-January-2023,3005.05,3023.85,2953.00,2979.30,2973.687643369680000000,88495,18651,263156488.00,60733,68.63,70.85,-25.75,
5-January-2023,3035.10,3047.00,2995.95,3004.90,3014.340585146290000000,19995,3167,60271740.00,10585,52.94,51.05,-30.20,
4-January-2023,3038.90,3048.00,3001.00,3016.05,3029.221648896740000000,35078,6316,106259037.00,15995,45.60,47.00,-22.85,
3-January-2023,3054.90,3060.20,3025.00,3028.50,3036.933422174840000000,37520,5869,113945742.00,28088,74.86,35.20,-26.40,
2-January-2023,3091.90,3091.90,3021.10,3046.35,3043.307097010540000000,131027,13272,398755399.00,99524,75.96,70.80,-45.55,
30-December-2022,3123.05,3135.25,3072.30,3091.80,3099.677019548770000000,61078,5385,189322073.00,43025,70.44,62.95,-31.25,
29-December-2022,3101.00,3120.00,3093.00,3115.30,3106.095735277870000000,18102,3504,56226545.00,7235,39.97,27.00,14.30,
28-December-2022,3112.00,3142.00,3104.90,3124.00,3126.934901316960000000,28019,2477,87613589.00,15468,55.21,37.10,12.00,
27-December-2022,3062.00,3130.00,3057.00,3109.80,3101.417633513420000000,45164,7905,140072426.00,24402,54.03,73.00,47.80,
26-December-2022,3057.00,3071.35,3030.00,3057.50,3058.222026143790000000,45900,4829,140372391.00,30596,66.66,41.35,0.50,
23-December-2022,3055.00,3085.00,3035.60,3056.75,3054.709922676240000000,92727,15696,283254087.00,55054,59.37,49.40,1.75,
22-December-2022,3066.00,3094.40,3038.05,3090.85,3071.518415637860000000,77760,11472,238841272.00,49428,63.56,56.35,24.85,
21-December-2022,3090.00,3111.70,3050.40,3070.95,3077.508499630450000000,13530,2079,41638690.00,5397,39.89,61.30,-19.05,
20-December-2022,3080.00,3088.90,3018.00,3081.35,3048.825402883800000000,47160,8752,143782606.00,21334,45.24,70.90,1.35,
19-December-2022,3057.45,3088.00,3041.40,3081.05,3072.609541717680000000,45736,6704,140528870.00,28259,61.79,46.60,23.60,
16-December-2022,3115.00,3118.20,3050.50,3057.45,3084.974712926170000000,73239,7496,225940463.00,58402,79.74,67.70,-57.55,
15-December-2022,3140.00,3160.45,3116.50,3129.40,3132.687980742110000000,53173,6614,166574418.00,31491,59.22,43.95,-10.60,
14-December-2022,3178.50,3195.00,3126.35,3147.85,3152.093142144640000000,32080,2808,101119148.00,21988,68.54,68.65,-30.65,
13-December-2022,3184.00,3184.00,3144.00,3178.20,3161.505501670880000000,24538,2389,77577022.00,11027,44.94,40.00,-5.80,
12-December-2022,3225.00,3226.85,3141.90,3164.75,3164.960696147250000000,61826,9423,195676860.00,27373,44.27,84.95,-60.25,
9-December-2022,3230.00,3242.75,3206.05,3227.40,3230.228669699320000000,36052,3301,116456204.00,19215,53.30,36.70,-2.60,
8-December-2022,3232.00,3240.20,3202.70,3220.75,3217.703317535550000000,58025,6772,186707235.00,27156,46.80,37.50,-11.25,
7-December-2022,3177.00,3233.90,3177.00,3226.65,3204.917026601990000000,45147,5238,144692389.00,11695,25.90,56.90,49.65,
6-December-2022,3121.00,3168.00,3121.00,3160.40,3151.424050817330000000,34319,4864,108153722.00,15434,44.97,47.00,39.40,
5-December-2022,3130.00,3168.00,3111.55,3157.55,3147.559938366720000000,19470,2585,61282992.00,4678,24.03,56.45,27.55,
2-December-2022,3170.20,3170.25,3134.95,3143.10,3143.061578283380000000,45974,7706,144499113.00,24524,53.34,35.30,-27.10,
1-December-2022,3185.00,3200.00,3160.35,3181.10,3180.238317554070000000,46052,6766,146456335.00,24737,53.72,39.65,-3.90,
30-November-2022,3140.00,3200.15,3135.00,3182.30,3170.677657856720000000,35301,3220,111928092.00,18776,53.19,65.15,42.30,
29-November-2022,3151.00,3168.00,3127.00,3133.75,3144.484676162620000000,36577,6090,115015816.00,20182,55.18,41.00,-17.25,
28-November-2022,3110.00,3159.00,3098.00,3151.80,3142.966142121640000000,34379,2826,108052033.00,18624,54.17,61.00,41.80,
25-November-2022,3119.00,3119.00,3076.20,3107.15,3096.033207309390000000,15870,1908,49134047.00,4371,27.54,42.80,-11.85,
24-November-2022,3112.00,3119.10,3092.05,3114.85,3106.120952150800000000,57932,7329,179943799.00,36282,62.63,27.05,2.85,
23-November-2022,3107.00,3112.90,3088.30,3101.40,3103.851433617030000000,203855,6113,632735634.00,180740,88.66,24.60,-5.60,
22-November-2022,3097.00,3118.50,3074.80,3104.05,3105.086833969810000000,43992,5208,136598980.00,24681,56.10,43.70,7.05,
21-November-2022,3100.10,3110.05,3065.85,3097.25,3090.526398504860000000,47086,4880,145520526.00,19103,40.57,44.20,-2.85,
18-November-2022,3086.15,3114.00,3056.05,3098.65,3093.407008342850000000,115548,8093,357436993.00,70853,61.32,57.95,12.50,
17-November-2022,3089.00,3096.60,3060.00,3072.20,3080.677169233960000000,38562,5408,118797073.00,15199,39.41,36.60,-16.80,
16-November-2022,3071.50,3091.50,3051.00,3083.80,3069.051117985230000000,70797,7830,217279612.00,49989,70.61,40.50,12.30,
15-November-2022,3057.05,3095.95,3042.00,3081.80,3056.947062642000000000,61620,2558,188369078.00,52944,85.92,53.95,24.75,
14-November-2022,3056.00,3077.00,3042.00,3054.65,3054.101967452030000000,20585,2360,62868689.00,11042,53.64,35.00,-1.35,
11-November-2022,3083.00,3093.00,3048.05,3054.60,3063.420250953320000000,46941,8584,143800010.00,23247,49.52,44.95,-28.40,
10-November-2022,3080.10,3084.70,3034.60,3045.95,3051.557310100740000000,58768,11387,179333920.00,33498,57.00,50.10,-34.15,
9-November-2022,3135.05,3136.05,3081.05,3087.10,3097.524818416260000000,84534,10249,261846163.00,45581,53.92,55.00,-47.95,
7-November-2022,3180.85,3197.10,3099.00,3105.55,3123.814817892260000000,36105,4627,112785334.00,18670,51.71,98.10,-75.30,
4-November-2022,3140.00,3184.90,3126.45,3180.85,3157.429528928230000000,15815,2237,49934748.00,4965,31.39,58.45,40.85,
3-November-2022,3117.60,3147.90,3108.50,3140.50,3121.007752679940000000,10448,1585,32608289.00,4289,41.05,39.40,22.90,
2-November-2022,3158.00,3160.00,3122.00,3131.30,3135.179197535390000000,13633,1958,42741898.00,4406,32.32,38.00,-26.70,
1-November-2022,3120.00,3162.95,3116.90,3157.05,3141.599966629120000000,23973,2975,75313576.00,9232,38.51,46.05,37.05,
31-October-2022,3065.00,3111.70,3062.00,3106.80,3086.487438513760000000,49198,6979,151849009.00,26255,53.37,49.70,41.80,
28-October-2022,3060.00,3071.70,3040.00,3053.55,3052.500901886870000000,49341,6135,150613447.00,26990,54.70,31.70,-6.45,
27-October-2022,3110.00,3122.25,3033.00,3044.60,3053.382894359420000000,59267,5857,180964844.00,33714,56.88,89.25,-65.40,
25-October-2022,3130.00,3138.00,3080.00,3085.25,3104.030396325070000000,40926,7309,127035548.00,21160,51.70,58.00,-44.75,
24-October-2022,3145.00,3150.55,3117.05,3122.20,3127.730957742750000000,7549,1639,23611241.00,4662,61.76,33.50,-22.80,
21-October-2022,3136.30,3164.00,3073.55,3091.90,3106.136574132650000000,158068,24427,490980796.00,91986,58.19,90.45,-44.40,
20-October-2022,3200.00,3240.85,3101.40,3141.55,3159.300738818100000000,97859,13784,309166011.00,28825,29.46,139.45,-58.45,
19-October-2022,3249.50,3256.95,3196.95,3214.10,3214.061906490050000000,33066,2797,106276171.00,18894,57.14,60.00,-35.40,
18-October-2022,3212.00,3249.25,3212.00,3225.60,3231.514977961200000000,35619,5515,115103332.00,16170,45.40,37.25,13.60,
17-October-2022,3184.00,3217.45,3171.05,3198.30,3186.410359264600000000,387653,5052,1235221535.00,372852,96.18,46.40,14.30,
14-October-2022,3240.00,3245.00,3180.00,3185.60,3217.516444890790000000,39830,6171,128153680.00,15403,38.67,65.00,-54.40,
13-October-2022,3243.00,3254.40,3195.00,3211.25,3215.769125415770000000,20444,2749,65743184.00,7042,34.45,59.40,-31.75,
12-October-2022,3319.00,3337.55,3206.20,3247.60,3249.620581421420000000,66905,10383,217415865.00,17208,25.72,131.35,-71.40,
11-October-2022,3285.05,3359.90,3272.50,3300.35,3333.682568230630000000,57269,7140,190916667.00,21006,36.68,87.40,15.30,
10-October-2022,3260.20,3298.00,3260.00,3278.20,3277.316561984940000000,44898,8041,147144959.00,19400,43.21,38.00,18.00,
7-October-2022,3315.10,3362.80,3288.70,3344.75,3322.441905318530000000,17110,2462,56846981.00,4253,24.86,74.10,29.65,
6-October-2022,3356.95,3366.45,3312.00,3328.55,3344.182796247200000000,19612,3211,65586113.00,6653,33.92,54.45,-28.40,
4-October-2022,3316.00,3367.45,3313.35,3337.45,3337.605700039660000000,17649,2481,58905403.00,4555,25.81,54.10,21.45,
3-October-2022,3337.05,3350.95,3287.05,3301.90,3312.218541010070000000,39027,5232,129265953.00,8827,22.62,63.90,-35.15,
30-September-2022,3392.00,3410.35,3287.00,3342.15,3342.213470211030000000,105106,12815,351286689.00,36107,34.35,123.35,-49.85,
29-September-2022,3571.00,3571.00,3373.90,3384.80,3443.890600745670000000,137862,18412,474781646.00,43757,31.74,197.10,-186.20,
28-September-2022,3450.00,3590.00,3421.25,3571.20,3526.271693795450000000,54186,6604,191074558.00,19669,36.30,168.75,121.20,
27-September-2022,3440.00,3499.50,3430.55,3470.40,3467.443927211170000000,51986,7970,180258540.00,21342,41.05,68.95,30.40,
26-September-2022,3375.00,3467.75,3356.40,3438.10,3425.174317862170000000,35550,5171,121764947.00,11834,33.29,111.35,63.10,
23-September-2022,3426.95,3435.00,3384.00,3393.75,3402.144942364100000000,29322,3429,99757694.00,14783,50.42,51.00,-33.20,
22-September-2022,3349.90,3440.25,3316.50,3435.65,3395.102198557200000000,17466,2544,59298855.00,6049,34.63,123.75,85.75,
21-September-2022,3400.15,3426.35,3349.00,3354.70,3376.197387005650000000,8496,1608,28684173.00,3234,38.06,77.35,-45.45,
20-September-2022,3317.55,3409.95,3317.55,3392.40,3381.689434146090000000,39003,5404,131896033.00,19101,48.97,92.40,74.85,
19-September-2022,3303.00,3340.20,3231.90,3317.20,3320.770848811790000000,1300194,9192,4317646333.00,1255188,96.54,108.30,14.20,
16-September-2022,3394.30,3420.00,3311.00,3339.55,3362.071942088110000000,40199,4011,135151930.00,24050,59.83,109.00,-54.75,
15-September-2022,3426.00,3457.05,3389.85,3394.15,3411.438853690880000000,13574,2275,46306871.00,5797,42.71,67.20,-31.85,
14-September-2022,3360.00,3448.00,3360.00,3438.80,3432.537645469030000000,49581,6224,170188649.00,29233,58.96,88.00,78.80,
13-September-2022,3430.00,3459.00,3415.00,3422.40,3437.464773623600000000,31695,4994,108950446.00,15057,47.51,44.00,-7.60,
12-September-2022,3436.10,3454.50,3423.05,3432.30,3436.666446934740000000,16687,2282,57347653.00,4796,28.74,31.45,-3.80,
9-September-2022,3460.05,3479.00,3434.95,3439.90,3460.713309558840000000,40099,5180,138771143.00,31332,78.14,44.05,-20.15,
8-September-2022,3442.50,3485.00,3428.70,3449.45,3452.260236343860000000,54243,7354,187260952.00,32025,59.04,56.30,6.95,
7-September-2022,3400.00,3434.00,3385.90,3399.35,3406.709348454140000000,46382,5649,158009993.00,20814,44.88,48.10,-0.65,
6-September-2022,3423.65,3433.65,3383.95,3395.40,3401.751067666320000000,21074,2990,71688502.00,9315,44.20,49.70,-28.25,
5-September-2022,3429.90,3449.25,3407.00,3423.65,3424.481775854770000000,21263,2660,72814756.00,6896,32.43,42.25,-6.25,
2-September-2022,3482.00,3484.45,3425.15,3429.70,3453.133826831910000000,36069,5547,124551084.00,18654,51.72,59.30,-52.30,
1-September-2022,3330.00,3474.25,3321.00,3446.90,3437.364202218990000000,60568,8074,208194275.00,26498,43.75,153.25,116.90,
30-August-2022,3318.00,3408.55,3318.00,3391.60,3375.769227687870000000,49928,6308,168545406.00,29539,59.16,90.55,73.60,
29-August-2022,3251.00,3348.80,3241.35,3343.75,3314.057863792260000000,20410,3042,67639921.00,5925,29.03,107.45,92.75,
26-August-2022,3362.20,3382.30,3306.10,3323.35,3338.508383258450000000,48072,5979,160488775.00,14600,30.37,76.20,-38.85,
25-August-2022,3365.00,3404.25,3351.45,3363.10,3378.921003198460000000,19697,2868,66554607.00,4183,21.24,52.80,-1.90,
24-August-2022,3336.00,3384.00,3301.25,3376.85,3334.473840000000000000,62500,6930,208404615.00,15869,25.39,82.75,40.85,
23-August-2022,3338.90,3383.10,3318.40,3358.25,3358.071442370850000000,25881,4581,86910247.00,8919,34.46,64.70,19.35,
22-August-2022,3450.10,3485.25,3334.00,3349.35,3392.742555442360000000,51044,6846,173179151.00,19158,37.53,151.25,-100.75,
19-August-2022,3524.90,3538.75,3463.00,3482.30,3492.499709808470000000,39629,7147,138404271.00,21845,55.12,75.75,-42.60,
18-August-2022,3521.00,3542.00,3517.00,3535.60,3529.851932498640000000,16533,2395,58359042.00,8896,53.81,25.00,14.60,
17-August-2022,3505.20,3543.00,3505.20,3521.80,3524.887475930680000000,24928,3019,87868395.00,10867,43.59,37.80,16.60,
16-August-2022,3455.00,3509.95,3455.00,3499.65,3491.509760615560000000,28072,3430,98013662.00,11606,41.34,54.95,44.65,
12-August-2022,3385.20,3435.55,3385.20,3426.00,3409.287030158970000000,13462,2178,45895822.00,3804,28.26,50.35,40.80,
11-August-2022,3455.25,3477.00,3390.00,3404.90,3441.196441230680000000,42318,6489,145624551.00,20873,49.32,87.00,-50.35,
10-August-2022,3460.00,3460.00,3395.35,3412.45,3416.773411987780000000,18986,2806,64870860.00,6185,32.58,64.65,-47.55,
8-August-2022,3451.00,3475.90,3437.15,3456.50,3454.674564270150000000,14688,1917,50742260.00,4927,33.54,38.75,5.50,
5-August-2022,3463.00,3490.50,3452.80,3473.45,3475.253538763070000000,18368,2582,63833457.00,6799,37.02,37.70,10.45,
4-August-2022,3450.15,3475.00,3409.30,3459.45,3447.915487411400000000,78722,11388,271426803.00,50761,64.48,65.70,9.30,
3-August-2022,3403.90,3447.00,3372.60,3439.70,3410.003464556230000000,29441,3040,100393912.00,11628,39.50,74.40,35.80,
2-August-2022,3332.75,3404.65,3327.00,3396.05,3368.945242859740000000,54970,5766,185190920.00,15033,27.35,77.65,63.30,
1-August-2022,3343.90,3355.00,3315.00,3323.75,3333.654602265090000000,550794,3309,1836156953.00,533354,96.83,40.00,-20.15,
29-July-2022,3280.00,3354.50,3276.75,3332.35,3321.617288086920000000,41786,4615,138797100.00,12846,30.74,77.75,52.35,
28-July-2022,3195.00,3279.50,3184.20,3263.20,3246.921921129460000000,60631,4424,196864123.00,15432,25.45,95.30,68.20,
27-July-2022,3138.00,3191.90,3097.80,3185.45,3145.272795877050000000,54330,5197,170882671.00,15804,29.09,94.10,47.45,
26-July-2022,3099.90,3149.95,3053.00,3107.60,3099.789457763580000000,128929,11992,399652755.00,42942,33.31,96.95,7.70,
25-July-2022,3066.15,3116.00,3052.50,3105.85,3089.148141955440000000,23923,2509,73901691.00,7130,29.80,63.50,39.70,
22-July-2022,3070.00,3092.00,3048.00,3066.15,3070.498998476150000000,104341,8399,320378936.00,75948,72.79,44.00,-3.85,
21-July-2022,2987.90,3084.00,2987.90,3069.30,3038.132889377770000000,67274,7608,204387352.00,33374,49.61,96.10,81.40,
20-July-2022,3020.05,3042.70,3001.00,3011.75,3027.540650170950000000,34514,2707,104492538.00,19522,56.56,41.70,-8.30,
19-July-2022,2985.00,3022.95,2977.75,3018.05,3005.376217166720000000,45495,4806,136729591.00,20714,45.53,45.20,33.05,
18-July-2022,2990.00,3024.25,2990.00,3019.20,2981.881606754600000000,591005,6175,1762306939.00,562877,95.24,34.25,29.20,
15-July-2022,2939.00,2984.00,2939.00,2978.25,2968.566549782690000000,40496,6234,120215071.00,27999,69.14,45.00,39.25,
14-July-2022,2943.00,2953.90,2913.00,2939.65,2936.277035127680000000,33364,5372,97965947.00,21644,64.87,40.90,-3.35,
13-July-2022,2948.00,2968.00,2926.20,2941.40,2941.570045264420000000,34906,4044,102678444.00,10324,29.58,41.80,-6.60,
12-July-2022,2930.00,2930.00,2886.15,2892.25,2901.573959457160000000,17611,2304,51099619.00,4777,27.12,43.85,-37.75,
11-July-2022,2880.30,2940.40,2850.05,2932.20,2907.136673756870000000,49834,6644,144874249.00,26579,53.34,90.35,51.90,
8-July-2022,2880.00,2886.55,2842.45,2880.35,2862.578862266650000000,27212,2836,77896496.00,10297,37.84,44.10,0.35,
7-July-2022,2897.00,2932.00,2876.75,2890.70,2909.415221541380000000,74907,9301,217935566.00,35045,46.78,55.25,-6.30,
6-July-2022,2835.90,2868.00,2806.10,2861.75,2842.238357359830000000,59587,5321,169360457.00,14795,24.83,61.90,25.85,
5-July-2022,2789.00,2812.20,2761.00,2766.20,2790.622022647400000000,43537,6898,121495311.00,18157,41.70,51.20,-22.80,
4-July-2022,2809.60,2809.60,2744.80,2790.75,2775.395745338420000000,19414,3124,53881533.00,6386,32.89,64.80,-18.85,
1-July-2022,2702.00,2779.00,2686.85,2772.95,2746.823115502660000000,80154,9660,220168860.00,38564,48.11,92.15,70.95,
30-June-2022,2710.00,2725.80,2680.00,2697.50,2704.108816916030000000,46252,7484,125070441.00,10446,22.58,45.80,-12.50,
29-June-2022,2720.00,2720.00,2677.65,2698.65,2701.340169143530000000,40912,6290,110517229.00,12475,30.49,42.35,-21.35,
28-June-2022,2785.00,2785.00,2705.00,2728.90,2726.607849480320000000,95828,9488,261285377.00,58037,60.56,80.00,-56.10,
27-June-2022,2790.00,2826.50,2764.80,2820.60,2788.868863786580000000,33286,3992,92830289.00,17099,51.37,61.70,30.60,
24-June-2022,2767.10,2786.15,2725.75,2760.10,2750.178103356420000000,56310,7821,154862529.00,22657,40.24,60.40,-7.00,
23-June-2022,2674.95,2767.00,2674.95,2758.60,2733.520259472640000000,95116,10623,260001513.00,40803,42.90,92.05,83.65,
22-June-2022,2682.00,2707.70,2626.95,2668.25,2661.063299432210000000,96162,9001,255893169.00,62282,64.77,80.75,-13.75,
21-June-2022,2665.00,2709.95,2641.20,2678.80,2690.722096523500000000,50827,4324,136761332.00,28276,55.63,68.75,13.80,
20-June-2022,2620.00,2672.00,2590.00,2659.55,2631.597685384950000000,64892,10034,170769637.00,24763,38.16,82.00,39.55,
17-June-2022,2653.50,2657.95,2560.25,2583.20,2601.954903082300000000,78675,18290,204708802.00,35434,45.04,97.70,-70.30,
16-June-2022,2690.00,2726.65,2641.00,2657.45,2663.762740802780000000,62084,6590,165377046.00,31477,50.70,85.65,-32.55,
15-June-2022,2669.40,2681.30,2629.00,2660.65,2654.151653543310000000,31750,3397,84269315.00,12276,38.66,52.30,-8.75,
14-June-2022,2607.55,2665.30,2585.05,2635.35,2625.985273720440000000,116798,17624,306709828.00,63996,54.79,80.25,27.80,
13-June-2022,2695.00,2695.00,2643.65,2661.95,2661.184282854330000000,88413,17457,235283286.00,50609,57.24,51.35,-33.05,
10-June-2022,2666.00,2736.00,2652.45,2708.75,2712.325398006250000000,154583,13247,419279397.00,108666,70.30,83.55,42.75,
9-June-2022,2680.00,2698.80,2634.25,2687.75,2667.735265700480000000,182160,22576,485954656.00,131782,72.34,64.55,7.75,
8-June-2022,2772.10,2772.15,2700.45,2705.55,2725.401123477980000000,162531,19570,442962170.00,116170,71.48,71.70,-66.55,
7-June-2022,2806.00,2806.00,2731.20,2745.15,2747.867483264890000000,142216,24017,390790722.00,103483,72.76,74.80,-60.85,
6-June-2022,2885.00,2885.00,2808.00,2818.75,2839.836895043330000000,71782,10374,203849172.00,42685,59.46,77.00,-66.25,
3-June-2022,2900.00,2919.90,2856.15,2887.00,2890.918566930640000000,20962,2805,60599435.00,6159,29.38,63.75,-13.00,
2-June-2022,2940.40,2940.40,2849.55,2908.35,2887.084802444160000000,72663,8007,209784243.00,26992,37.15,90.85,-32.05,
1-June-2022,2864.00,2938.00,2833.00,2853.10,2887.536053036200000000,100158,10424,289209836.00,21866,21.83,105.00,-10.90,
31-May-2022,2850.00,2877.15,2812.40,2860.10,2855.130704837730000000,70839,9459,202254604.00,19811,27.97,64.75,10.10,
30-May-2022,2890.00,2890.00,2818.00,2844.70,2856.544014584710000000,84472,10049,241297986.00,27697,32.79,72.00,-45.30,
27-May-2022,2883.30,2883.30,2781.85,2835.05,2815.635741481990000000,102430,15780,288405569.00,38435,37.52,101.45,-48.25,
26-May-2022,2850.00,2858.90,2719.50,2844.45,2772.951679111410000000,323028,30807,895741035.00,168107,52.04,139.40,-5.55,
25-May-2022,3060.00,3060.00,2828.05,2838.40,2904.084607288380000000,95961,13528,278678863.00,47818,49.83,231.95,-221.60,
24-May-2022,3174.00,3183.90,3070.25,3086.50,3129.625808087210000000,23667,3350,74068854.00,6654,28.12,113.65,-87.50,
23-May-2022,3128.00,3187.35,3128.00,3174.00,3171.441045115400000000,37393,4929,118589695.00,11588,30.99,59.35,46.00,
20-May-2022,3100.00,3124.00,3051.70,3109.55,3107.526365603030000000,22188,3062,68949795.00,10251,46.20,72.30,9.55,
19-May-2022,3000.00,3071.65,2999.20,3046.45,3044.330887868420000000,54659,6497,166400082.00,16237,29.71,72.45,46.45,
18-May-2022,3048.00,3127.00,3028.65,3100.10,3096.223062804430000000,84994,7521,263160383.00,57697,67.88,98.35,52.10,
17-May-2022,2999.45,3055.90,2951.75,3049.80,3004.149984367320000000,44778,5416,134519828.00,8995,20.09,104.15,50.35,
16-May-2022,3085.25,3085.25,2985.30,2999.45,3018.719714478560000000,48893,7382,147594263.00,18548,37.94,99.95,-85.80,
13-May-2022,3061.00,3116.95,3036.15,3065.20,3075.469295809420000000,64812,7456,199327316.00,35528,54.82,80.80,4.20,
12-May-2022,3022.20,3077.60,2987.85,3039.40,3035.029185457110000000,82267,12051,249682746.00,29419,35.76,89.75,17.20,
11-May-2022,3085.05,3106.75,2980.00,3054.10,3030.435530630670000000,63123,7814,191290182.00,20090,31.83,126.75,-30.95,
10-May-2022,3038.30,3137.90,3037.10,3083.70,3079.140762206600000000,114221,13709,351702537.00,24255,21.24,100.80,45.40,
9-May-2022,3000.00,3040.00,2974.30,3009.75,2994.298737606140000000,57589,9429,172438670.00,20924,36.33,65.70,9.75,
6-May-2022,3030.00,3052.50,3003.05,3016.60,3035.736796183610000000,88251,7956,267906808.00,60869,68.97,49.45,-13.40,
5-May-2022,3140.00,3140.00,3070.50,3076.05,3106.739035787880000000,103359,8994,321109440.00,79982,77.38,69.50,-63.95,
4-May-2022,3195.00,3195.00,3082.00,3100.20,3193.590158285560000000,496255,4932,1584835084.00,468787,94.46,113.00,-94.80,
2-May-2022,3190.25,3210.50,3154.60,3198.65,3180.135180330830000000,44252,6371,140727342.00,21875,49.43,55.90,8.40,
29-April-2022,3250.00,3276.55,3220.75,3239.30,3255.552528193100000000,106143,10010,345554112.00,61152,57.61,55.80,-10.70,
28-April-2022,3183.00,3267.00,3170.05,3248.30,3240.066929671760000000,117108,8684,379437758.00,68610,58.59,96.95,65.30,
27-April-2022,3100.00,3164.60,3085.00,3148.30,3132.092575723070000000,26346,2847,82518111.00,6886,26.14,79.60,48.30,
26-April-2022,3116.00,3150.10,3107.00,3125.60,3124.234372449810000000,36762,3157,114853104.00,23430,63.73,43.10,9.60,
25-April-2022,3105.00,3155.00,3095.15,3130.05,3124.347747451500000000,79066,8946,247029679.00,44475,56.25,59.85,25.05,
22-April-2022,3135.00,3171.25,3117.90,3164.75,3149.779916469950000000,22028,2156,69383352.00,7799,35.40,53.35,29.75,
21-April-2022,3095.00,3173.50,3090.50,3156.70,3149.808193615070000000,69664,11808,219428238.00,45657,65.54,83.00,61.70,
20-April-2022,3000.00,3089.20,2982.00,3083.20,3054.720661500140000000,28904,3404,88293646.00,5202,18.00,107.20,83.20,
19-April-2022,3022.00,3057.45,2970.00,2988.45,3018.128931137660000000,49127,8182,148271620.00,24048,48.95,87.45,-33.55,
18-April-2022,3065.00,3065.00,3015.00,3022.35,3035.553236249260000000,48961,9492,148623722.00,21945,44.82,50.00,-42.65,
13-April-2022,3130.00,3130.00,3067.35,3080.90,3086.362081647660000000,54380,8506,167836370.00,22750,41.84,62.65,-49.10,
12-April-2022,3157.00,3162.55,3116.45,3131.75,3137.425876420200000000,32918,3589,103277785.00,15275,46.40,46.10,-25.25,
11-April-2022,3188.85,3222.95,3150.00,3157.30,3179.539249376730000000,44523,6182,141562626.00,18921,42.50,72.95,-31.55,
8-April-2022,3172.85,3219.00,3150.70,3206.70,3190.305219801980000000,63125,8976,201388017.00,34502,54.66,68.30,33.85,
7-April-2022,3145.40,3208.95,3145.40,3155.30,3174.126443188150000000,113031,10464,358774686.00,55258,48.89,63.55,9.90,
6-April-2022,3139.60,3165.00,3112.55,3155.05,3144.289329627760000000,47496,4958,149341166.00,25788,54.30,52.45,15.45,
5-April-2022,3116.00,3157.25,3080.80,3139.60,3140.860434049900000000,48658,3918,152827987.00,29864,61.38,76.45,23.60,
4-April-2022,3147.00,3147.00,3092.60,3117.65,3118.713192419830000000,60368,10156,188270478.00,34489,57.13,54.40,-29.35,
1-April-2022,3105.00,3120.00,3088.20,3113.80,3104.057985374840000000,50461,5870,156633870.00,23366,46.30,31.80,8.80,
31-March-2022,3105.00,3129.00,3066.75,3081.75,3108.527224341760000000,42462,4341,131994283.00,14045,33.08,62.25,-23.25,
30-March-2022,3075.00,3093.00,3055.75,3080.15,3078.070415329520000000,64503,7948,198544776.00,33458,51.87,37.25,5.15,
29-March-2022,3060.20,3087.85,3012.60,3043.55,3052.384297323140000000,41840,4024,127711759.00,10954,26.18,75.25,-16.65,
28-March-2022,3059.00,3059.00,2997.70,3026.80,3020.561080891380000000,28495,2742,86070888.00,5455,19.14,61.30,-32.20,
25-March-2022,3037.70,3063.65,2992.00,3046.40,3018.351638943250000000,24528,2979,74034129.00,6393,26.06,71.65,8.70,
24-March-2022,2970.00,3038.25,2951.25,3023.50,3012.815638816460000000,70568,4384,212608374.00,38302,54.28,87.00,53.50,
23-March-2022,3059.90,3079.90,3005.00,3016.15,3026.111357202010000000,51923,7282,157124780.00,18997,36.59,74.90,-43.75,
22-March-2022,3015.00,3062.90,2975.00,3051.70,3006.036421147760000000,88520,13353,266094344.00,28840,32.58,87.90,36.70,
21-March-2022,3125.00,3125.00,3032.25,3045.75,3076.213099441850000000,43895,5346,135030374.00,12145,27.67,92.75,-79.25,
17-March-2022,3110.00,3162.70,3083.75,3135.00,3136.289998480010000000,65790,6459,206336519.00,18350,27.89,78.95,25.00,
16-March-2022,3037.00,3049.90,3010.70,3041.60,3033.034881807710000000,72932,14279,221205300.00,38777,53.17,39.20,4.60,
15-March-2022,2988.00,3031.00,2965.75,2986.50,2995.484147166980000000,54659,6343,163730168.00,13547,24.78,65.25,-1.50,
14-March-2022,2945.10,2971.60,2917.60,2962.50,2951.784272790540000000,68976,9384,203602272.00,33537,48.62,54.00,17.40,
11-March-2022,2934.00,2939.95,2883.30,2932.65,2920.526689661420000000,1467291,6699,4285262527.00,1415414,96.46,56.65,-1.35,
10-March-2022,3028.00,3049.20,2891.15,2911.20,2958.253490713450000000,219511,25999,649369182.00,66735,30.40,158.05,-116.80,
9-March-2022,2750.05,2890.00,2665.10,2875.10,2762.259896224860000000,218164,30415,602625668.00,60450,27.71,224.90,125.05,
8-March-2022,2698.00,2736.75,2638.00,2723.65,2673.549734586600000000,193095,29438,516249086.00,68938,35.70,98.75,25.65,
7-March-2022,2650.00,2725.95,2601.00,2708.50,2660.079127184660000000,353431,52064,940154426.00,130405,36.90,124.95,58.50,
4-March-2022,2871.45,2871.45,2662.35,2738.95,2730.264476214000000000,279303,31710,762571059.00,74700,26.75,209.10,-132.50,
3-March-2022,3053.40,3054.05,2862.55,2871.45,2915.185819859140000000,161296,19364,470207812.00,63078,39.11,191.50,-181.95,
2-March-2022,3115.00,3115.00,2992.00,3028.80,3035.998853801560000000,120398,15520,365528190.00,61004,50.67,123.00,-86.20,
28-February-2022,3082.00,3190.00,3015.00,3172.65,3085.929002088870000000,84256,14822,260008034.00,25399,30.14,175.00,90.65,
25-February-2022,3092.20,3141.00,3084.55,3120.05,3112.176845252280000000,46159,6757,143654971.00,15169,32.86,56.45,27.85,
24-February-2022,3164.00,3193.60,3052.35,3067.75,3113.354409411240000000,142468,31224,443553376.00,50929,35.75,141.25,-96.25,
23-February-2022,3216.85,3296.05,3216.85,3239.60,3271.366287684070000000,66142,8173,216374709.00,32853,49.67,79.20,22.75,
22-February-2022,3125.00,3237.80,3124.85,3228.20,3180.956872241290000000,32624,5411,103775537.00,8640,26.48,112.95,103.20,
21-February-2022,3221.20,3277.80,3205.00,3248.60,3245.125182824910000000,38288,5617,124249353.00,19372,50.60,72.80,27.40,
18-February-2022,3238.00,3269.95,3231.00,3261.80,3254.816999500750000000,40060,3884,130387969.00,25071,62.58,38.95,23.80,
17-February-2022,3260.00,3292.90,3236.05,3265.35,3264.454807692310000000,31200,5277,101850990.00,13520,43.33,56.85,5.35,
16-February-2022,3275.20,3285.00,3225.00,3258.15,3262.698420216340000000,65452,5659,213550137.00,48235,73.70,60.00,-17.05,
15-February-2022,3135.00,3270.00,3133.15,3264.20,3213.417518570270000000,67985,11930,218464190.00,30616,45.03,136.85,129.20,
14-February-2022,3150.00,3182.00,3123.55,3145.90,3158.802390781930000000,32458,5009,102528408.00,7215,22.23,58.45,-4.10,
11-February-2022,3237.00,3237.00,3182.80,3214.80,3202.153916733570000000,17438,2755,55839160.00,3771,21.63,54.20,-22.20,
10-February-2022,3229.00,3247.50,3176.00,3237.50,3214.570208154030000000,31371,5853,100844282.00,11347,36.17,71.50,8.50,
9-February-2022,3220.00,3258.65,3220.00,3228.40,3240.856322229780000000,29420,5048,95345993.00,16965,57.66,38.65,8.40,
8-February-2022,3174.00,3221.45,3168.50,3216.40,3196.246974721160000000,23221,3615,74220051.00,5427,23.37,52.95,42.40,
7-February-2022,3230.00,3251.15,3145.00,3174.00,3184.088679089710000000,48512,10144,154466510.00,16400,33.81,106.15,-56.00,
4-February-2022,3198.00,3247.70,3177.35,3236.70,3216.652059188740000000,19328,2641,62171451.00,6124,31.68,70.35,38.70,
3-February-2022,3205.00,3242.05,3190.00,3202.90,3220.838203922170000000,38907,6047,125313152.00,13405,34.45,52.05,-2.10,
2-February-2022,3220.00,3244.00,3192.20,3197.90,3210.029513842890000000,37745,6346,121162564.00,16834,44.60,51.80,-22.10,
1-February-2022,3195.00,3211.95,3141.65,3197.45,3184.341787227400000000,51219,8894,163098802.00,22013,42.98,70.30,2.45,
31-January-2022,3150.00,3191.70,3137.60,3154.70,3161.964690721650000000,50440,7837,159489499.00,19418,38.50,54.10,4.70,
28-January-2022,3134.95,3170.00,3103.55,3112.60,3141.011003134090000000,44351,8795,139306979.00,19233,43.37,66.45,-22.35,
27-January-2022,3160.00,3160.00,3076.75,3117.25,3100.434191079710000000,49393,6642,153139746.00,15242,30.86,83.25,-42.75,
25-January-2022,3100.00,3156.55,3010.70,3146.30,3089.731832159000000000,155123,28058,479288471.00,99859,64.37,145.85,46.30,
24-January-2022,3284.90,3284.90,3136.00,3155.80,3166.331123126640000000,95617,11942,302755083.00,49658,51.93,148.90,-129.10,
21-January-2022,3290.10,3325.00,3242.85,3274.60,3288.554347968930000000,76093,12148,250235966.00,20162,26.50,82.15,-15.50,
20-January-2022,3281.10,3365.00,3223.00,3307.70,3285.242821517130000000,141952,21819,466346789.00,43512,30.65,142.00,26.60,
19-January-2022,3375.00,3375.00,3268.70,3281.10,3291.360624198380000000,42102,5927,138572865.00,17300,41.09,106.30,-93.90,
18-January-2022,3388.30,3393.90,3351.15,3372.40,3373.400337457820000000,35560,6445,119958116.00,13702,38.53,42.75,-15.90,
17-January-2022,3370.80,3398.00,3320.20,3378.90,3347.901571662210000000,50138,9046,167857089.00,21537,42.96,77.80,8.10,
14-January-2022,3460.00,3463.25,3347.00,3364.80,3368.463182568730000000,86603,17312,291719017.00,45641,52.70,116.25,-95.20,
13-January-2022,3559.75,3559.75,3450.15,3456.75,3490.907247002920000000,46295,9241,161611551.00,20025,43.26,109.60,-103.00,
12-January-2022,3537.00,3582.55,3534.00,3544.35,3551.413161889450000000,11199,1829,39772276.00,3987,35.60,48.55,7.35,
11-January-2022,3555.00,3562.25,3496.65,3536.85,3524.883960407340000000,35057,6420,123571857.00,15803,45.08,65.60,-18.15,
10-January-2022,3580.00,3588.05,3528.00,3555.00,3548.597425837980000000,14529,2665,51557572.00,4560,31.39,60.05,-25.00,
7-January-2022,3523.70,3582.45,3498.30,3574.65,3556.794738767500000000,30069,3557,106949261.00,11709,38.94,84.15,50.95,
6-January-2022,3505.00,3535.00,3453.55,3513.70,3499.313559322030000000,24780,3382,86712990.00,6401,25.83,81.45,8.70,
5-January-2022,3475.00,3540.80,3455.00,3526.45,3514.608989104120000000,33040,4401,116122681.00,13281,40.20,85.80,51.45,
4-January-2022,3429.90,3472.55,3415.25,3456.30,3442.468983178070000000,22649,2957,77968480.00,11192,49.41,57.30,26.40,
3-January-2022,3391.85,3440.55,3384.30,3421.85,3423.853941795330000000,14638,2485,50118374.00,6417,43.84,56.25,30.00,